scenario,method,seed,dimension,horizon,batch_size,kappa,drift_step_norm,beta,gamma,label_noise_variance,tail_squared_tracking_error,final_squared_tracking_error,oracle
kappa_sweep,sgd,0,50,5000,256,10.0,0.01,0.0,0.1,0.5,0.006846938339673213,0.0055261759417374835,Gaussian with exact least-squares mini-batch mean/covariance
kappa_sweep,sgd,1,50,5000,256,10.0,0.01,0.0,0.1,0.5,0.006798738735488639,0.005698533277118176,Gaussian with exact least-squares mini-batch mean/covariance
kappa_sweep,sgd,2,50,5000,256,10.0,0.01,0.0,0.1,0.5,0.006795665160517926,0.006311461482062243,Gaussian with exact least-squares mini-batch mean/covariance
kappa_sweep,sgd,3,50,5000,256,10.0,0.01,0.0,0.1,0.5,0.006780680049097159,0.007748058429788737,Gaussian with exact least-squares mini-batch mean/covariance
kappa_sweep,sgd,4,50,5000,256,10.0,0.01,0.0,0.1,0.5,0.006768350704399554,0.006761444938009507,Gaussian with exact least-squares mini-batch mean/covariance
kappa_sweep,sgd,5,50,5000,256,10.0,0.01,0.0,0.1,0.5,0.006797876569793452,0.005369327638228468,Gaussian with exact least-squares mini-batch mean/covariance
kappa_sweep,sgd,6,50,5000,256,10.0,0.01,0.0,0.1,0.5,0.006672082677891792,0.010240836852502226,Gaussian with exact least-squares mini-batch mean/covariance
kappa_sweep,sgd,7,50,5000,256,10.0,0.01,0.0,0.1,0.5,0.006807546286155497,0.005496675275990708,Gaussian with exact least-squares mini-batch mean/covariance
kappa_sweep,sgd,8,50,5000,256,10.0,0.01,0.0,0.1,0.5,0.0067440036657690355,0.00635995828444979,Gaussian with exact least-squares mini-batch mean/covariance
kappa_sweep,sgd,9,50,5000,256,10.0,0.01,0.0,0.1,0.5,0.006745528188986009,0.0060804667645800135,Gaussian with exact least-squares mini-batch mean/covariance
kappa_sweep,sgd,10,50,5000,256,10.0,0.01,0.0,0.1,0.5,0.006798434473873853,0.006594837386258809,Gaussian with exact least-squares mini-batch mean/covariance
kappa_sweep,sgd,11,50,5000,256,10.0,0.01,0.0,0.1,0.5,0.006781262176347502,0.006239826751285555,Gaussian with exact least-squares mini-batch mean/covariance
kappa_sweep,sgd,12,50,5000,256,10.0,0.01,0.0,0.1,0.5,0.006706122204530741,0.005654827124090563,Gaussian with exact least-squares mini-batch mean/covariance
kappa_sweep,sgd,13,50,5000,256,10.0,0.01,0.0,0.1,0.5,0.006751961228111315,0.005968031392771374,Gaussian with exact least-squares mini-batch mean/covariance
kappa_sweep,sgd,14,50,5000,256,10.0,0.01,0.0,0.1,0.5,0.00674317946876302,0.0072615066062761795,Gaussian with exact least-squares mini-batch mean/covariance
kappa_sweep,sgd,15,50,5000,256,10.0,0.01,0.0,0.1,0.5,0.006742035575757601,0.007035865111476556,Gaussian with exact least-squares mini-batch mean/covariance
kappa_sweep,sgd,16,50,5000,256,10.0,0.01,0.0,0.1,0.5,0.006760331124327574,0.007709270544950558,Gaussian with exact least-squares mini-batch mean/covariance
kappa_sweep,sgd,17,50,5000,256,10.0,0.01,0.0,0.1,0.5,0.006708144199111652,0.008095614669735242,Gaussian with exact least-squares mini-batch mean/covariance
kappa_sweep,sgd,18,50,5000,256,10.0,0.01,0.0,0.1,0.5,0.006925202396404716,0.007299393806662615,Gaussian with exact least-squares mini-batch mean/covariance
kappa_sweep,sgd,19,50,5000,256,10.0,0.01,0.0,0.1,0.5,0.006689394797655133,0.0064038470184501145,Gaussian with exact least-squares mini-batch mean/covariance
kappa_sweep,hb,0,50,5000,256,10.0,0.01,0.9,0.1,0.5,0.10805499131423532,0.13358950327005645,Gaussian with exact least-squares mini-batch mean/covariance
kappa_sweep,hb,1,50,5000,256,10.0,0.01,0.9,0.1,0.5,0.10315739504302562,0.0896388736815809,Gaussian with exact least-squares mini-batch mean/covariance
kappa_sweep,hb,2,50,5000,256,10.0,0.01,0.9,0.1,0.5,0.10200978517290524,0.12768286307912302,Gaussian with exact least-squares mini-batch mean/covariance
kappa_sweep,hb,3,50,5000,256,10.0,0.01,0.9,0.1,0.5,0.10774011737619858,0.1260900679354903,Gaussian with exact least-squares mini-batch mean/covariance
kappa_sweep,hb,4,50,5000,256,10.0,0.01,0.9,0.1,0.5,0.10154548791121541,0.08535322420605009,Gaussian with exact least-squares mini-batch mean/covariance
kappa_sweep,hb,5,50,5000,256,10.0,0.01,0.9,0.1,0.5,0.10227487874121143,0.16883321941634094,Gaussian with exact least-squares mini-batch mean/covariance
kappa_sweep,hb,6,50,5000,256,10.0,0.01,0.9,0.1,0.5,0.10443765149336512,0.06208903573523965,Gaussian with exact least-squares mini-batch mean/covariance
kappa_sweep,hb,7,50,5000,256,10.0,0.01,0.9,0.1,0.5,0.10528688327217983,0.09396051009832906,Gaussian with exact least-squares mini-batch mean/covariance
kappa_sweep,hb,8,50,5000,256,10.0,0.01,0.9,0.1,0.5,0.10333265871249916,0.09036895706952079,Gaussian with exact least-squares mini-batch mean/covariance
kappa_sweep,hb,9,50,5000,256,10.0,0.01,0.9,0.1,0.5,0.11081375512350448,0.07153062699463648,Gaussian with exact least-squares mini-batch mean/covariance
kappa_sweep,hb,10,50,5000,256,10.0,0.01,0.9,0.1,0.5,0.10223523188218088,0.08468477343023316,Gaussian with exact least-squares mini-batch mean/covariance
kappa_sweep,hb,11,50,5000,256,10.0,0.01,0.9,0.1,0.5,0.0996227282650225,0.0765127120728483,Gaussian with exact least-squares mini-batch mean/covariance
kappa_sweep,hb,12,50,5000,256,10.0,0.01,0.9,0.1,0.5,0.10344074502636258,0.10460812454988343,Gaussian with exact least-squares mini-batch mean/covariance
kappa_sweep,hb,13,50,5000,256,10.0,0.01,0.9,0.1,0.5,0.10337296823407091,0.1728965290847755,Gaussian with exact least-squares mini-batch mean/covariance
kappa_sweep,hb,14,50,5000,256,10.0,0.01,0.9,0.1,0.5,0.10486223605710056,0.0840473034435066,Gaussian with exact least-squares mini-batch mean/covariance
kappa_sweep,hb,15,50,5000,256,10.0,0.01,0.9,0.1,0.5,0.10340378932366431,0.11146698315238175,Gaussian with exact least-squares mini-batch mean/covariance
kappa_sweep,hb,16,50,5000,256,10.0,0.01,0.9,0.1,0.5,0.10557577585099673,0.0762863295011207,Gaussian with exact least-squares mini-batch mean/covariance
kappa_sweep,hb,17,50,5000,256,10.0,0.01,0.9,0.1,0.5,0.10882027516642843,0.08650193189152747,Gaussian with exact least-squares mini-batch mean/covariance
kappa_sweep,hb,18,50,5000,256,10.0,0.01,0.9,0.1,0.5,0.10085097039444167,0.0745048775981611,Gaussian with exact least-squares mini-batch mean/covariance
kappa_sweep,hb,19,50,5000,256,10.0,0.01,0.9,0.1,0.5,0.1094357734603619,0.13587499645404305,Gaussian with exact least-squares mini-batch mean/covariance
kappa_sweep,nag,0,50,5000,256,10.0,0.01,0.9,0.1,0.5,0.019868022207692022,0.015268081977422692,Gaussian with exact least-squares mini-batch mean/covariance
kappa_sweep,nag,1,50,5000,256,10.0,0.01,0.9,0.1,0.5,0.020067366516189816,0.022528149213309277,Gaussian with exact least-squares mini-batch mean/covariance
kappa_sweep,nag,2,50,5000,256,10.0,0.01,0.9,0.1,0.5,0.019813964279022492,0.01644926718953826,Gaussian with exact least-squares mini-batch mean/covariance
kappa_sweep,nag,3,50,5000,256,10.0,0.01,0.9,0.1,0.5,0.01955986447106506,0.024274802679236634,Gaussian with exact least-squares mini-batch mean/covariance
kappa_sweep,nag,4,50,5000,256,10.0,0.01,0.9,0.1,0.5,0.019878282061310804,0.026047627416273453,Gaussian with exact least-squares mini-batch mean/covariance
kappa_sweep,nag,5,50,5000,256,10.0,0.01,0.9,0.1,0.5,0.019677868612233612,0.019428075783370344,Gaussian with exact least-squares mini-batch mean/covariance
kappa_sweep,nag,6,50,5000,256,10.0,0.01,0.9,0.1,0.5,0.020410521261372844,0.028359627280937223,Gaussian with exact least-squares mini-batch mean/covariance
kappa_sweep,nag,7,50,5000,256,10.0,0.01,0.9,0.1,0.5,0.019738824857845897,0.015891887504800504,Gaussian with exact least-squares mini-batch mean/covariance
kappa_sweep,nag,8,50,5000,256,10.0,0.01,0.9,0.1,0.5,0.019744638904376752,0.015547284179328392,Gaussian with exact least-squares mini-batch mean/covariance
kappa_sweep,nag,9,50,5000,256,10.0,0.01,0.9,0.1,0.5,0.019709848015977232,0.020133325870314012,Gaussian with exact least-squares mini-batch mean/covariance
kappa_sweep,nag,10,50,5000,256,10.0,0.01,0.9,0.1,0.5,0.020243141352363898,0.016622782235734188,Gaussian with exact least-squares mini-batch mean/covariance
kappa_sweep,nag,11,50,5000,256,10.0,0.01,0.9,0.1,0.5,0.019930772965103493,0.017402210782063367,Gaussian with exact least-squares mini-batch mean/covariance
kappa_sweep,nag,12,50,5000,256,10.0,0.01,0.9,0.1,0.5,0.020152317138399756,0.027299637791734895,Gaussian with exact least-squares mini-batch mean/covariance
kappa_sweep,nag,13,50,5000,256,10.0,0.01,0.9,0.1,0.5,0.020062463452884167,0.020177336806697765,Gaussian with exact least-squares mini-batch mean/covariance
kappa_sweep,nag,14,50,5000,256,10.0,0.01,0.9,0.1,0.5,0.0198365976289801,0.022375928956548413,Gaussian with exact least-squares mini-batch mean/covariance
kappa_sweep,nag,15,50,5000,256,10.0,0.01,0.9,0.1,0.5,0.019880570104514484,0.02162872267058053,Gaussian with exact least-squares mini-batch mean/covariance
kappa_sweep,nag,16,50,5000,256,10.0,0.01,0.9,0.1,0.5,0.01992176163908114,0.02210009477518954,Gaussian with exact least-squares mini-batch mean/covariance
kappa_sweep,nag,17,50,5000,256,10.0,0.01,0.9,0.1,0.5,0.019583528656840522,0.018208620239547734,Gaussian with exact least-squares mini-batch mean/covariance
kappa_sweep,nag,18,50,5000,256,10.0,0.01,0.9,0.1,0.5,0.020162040898560083,0.023506090315974684,Gaussian with exact least-squares mini-batch mean/covariance
kappa_sweep,nag,19,50,5000,256,10.0,0.01,0.9,0.1,0.5,0.01958496244183144,0.012295808531754791,Gaussian with exact least-squares mini-batch mean/covariance
kappa_sweep,sgd,0,50,5000,256,30.0,0.01,0.0,0.03333333333333333,0.5,0.0023794497769858325,0.0019502053134598286,Gaussian with exact least-squares mini-batch mean/covariance
kappa_sweep,sgd,1,50,5000,256,30.0,0.01,0.0,0.03333333333333333,0.5,0.0023915971498220893,0.0028692851684497607,Gaussian with exact least-squares mini-batch mean/covariance
kappa_sweep,sgd,2,50,5000,256,30.0,0.01,0.0,0.03333333333333333,0.5,0.0024141941826538544,0.002558256752447377,Gaussian with exact least-squares mini-batch mean/covariance
kappa_sweep,sgd,3,50,5000,256,30.0,0.01,0.0,0.03333333333333333,0.5,0.00241080106579463,0.0025446493321477823,Gaussian with exact least-squares mini-batch mean/covariance
kappa_sweep,sgd,4,50,5000,256,30.0,0.01,0.0,0.03333333333333333,0.5,0.0024521233748568743,0.0031142311401526745,Gaussian with exact least-squares mini-batch mean/covariance
kappa_sweep,sgd,5,50,5000,256,30.0,0.01,0.0,0.03333333333333333,0.5,0.002415191288356715,0.0025828698182932194,Gaussian with exact least-squares mini-batch mean/covariance
kappa_sweep,sgd,6,50,5000,256,30.0,0.01,0.0,0.03333333333333333,0.5,0.0024400620687570138,0.0019198898557367815,Gaussian with exact least-squares mini-batch mean/covariance
kappa_sweep,sgd,7,50,5000,256,30.0,0.01,0.0,0.03333333333333333,0.5,0.002421615370137066,0.0030539275870766756,Gaussian with exact least-squares mini-batch mean/covariance
kappa_sweep,sgd,8,50,5000,256,30.0,0.01,0.0,0.03333333333333333,0.5,0.002372838228575143,0.002026645984100225,Gaussian with exact least-squares mini-batch mean/covariance
kappa_sweep,sgd,9,50,5000,256,30.0,0.01,0.0,0.03333333333333333,0.5,0.0024012459889863917,0.002514583232230667,Gaussian with exact least-squares mini-batch mean/covariance
kappa_sweep,sgd,10,50,5000,256,30.0,0.01,0.0,0.03333333333333333,0.5,0.002430665064780688,0.0027244415667151026,Gaussian with exact least-squares mini-batch mean/covariance
kappa_sweep,sgd,11,50,5000,256,30.0,0.01,0.0,0.03333333333333333,0.5,0.0024239151403718444,0.0015992976837682043,Gaussian with exact least-squares mini-batch mean/covariance
kappa_sweep,sgd,12,50,5000,256,30.0,0.01,0.0,0.03333333333333333,0.5,0.0024458143470315287,0.002453463219715785,Gaussian with exact least-squares mini-batch mean/covariance
kappa_sweep,sgd,13,50,5000,256,30.0,0.01,0.0,0.03333333333333333,0.5,0.0024524288796869994,0.002188486955439487,Gaussian with exact least-squares mini-batch mean/covariance
kappa_sweep,sgd,14,50,5000,256,30.0,0.01,0.0,0.03333333333333333,0.5,0.0024567341530204907,0.0034272919394856384,Gaussian with exact least-squares mini-batch mean/covariance
kappa_sweep,sgd,15,50,5000,256,30.0,0.01,0.0,0.03333333333333333,0.5,0.0024322359970780838,0.0020157948565234043,Gaussian with exact least-squares mini-batch mean/covariance
kappa_sweep,sgd,16,50,5000,256,30.0,0.01,0.0,0.03333333333333333,0.5,0.002426052594377391,0.0019555955626491856,Gaussian with exact least-squares mini-batch mean/covariance
kappa_sweep,sgd,17,50,5000,256,30.0,0.01,0.0,0.03333333333333333,0.5,0.0024404069522820735,0.0017163236094846852,Gaussian with exact least-squares mini-batch mean/covariance
kappa_sweep,sgd,18,50,5000,256,30.0,0.01,0.0,0.03333333333333333,0.5,0.0024598829046053837,0.002310038111593795,Gaussian with exact least-squares mini-batch mean/covariance
kappa_sweep,sgd,19,50,5000,256,30.0,0.01,0.0,0.03333333333333333,0.5,0.0023684268095102157,0.002463771711824921,Gaussian with exact least-squares mini-batch mean/covariance
kappa_sweep,hb,0,50,5000,256,30.0,0.01,0.9,0.03333333333333333,0.5,0.02667843254256668,0.032301606306046685,Gaussian with exact least-squares mini-batch mean/covariance
kappa_sweep,hb,1,50,5000,256,30.0,0.01,0.9,0.03333333333333333,0.5,0.027002643066396166,0.01510673808553255,Gaussian with exact least-squares mini-batch mean/covariance
kappa_sweep,hb,2,50,5000,256,30.0,0.01,0.9,0.03333333333333333,0.5,0.028009863872248717,0.028658038716687213,Gaussian with exact least-squares mini-batch mean/covariance
kappa_sweep,hb,3,50,5000,256,30.0,0.01,0.9,0.03333333333333333,0.5,0.027606998940002042,0.023377115749753558,Gaussian with exact least-squares mini-batch mean/covariance
kappa_sweep,hb,4,50,5000,256,30.0,0.01,0.9,0.03333333333333333,0.5,0.028133326383711188,0.02735884264391945,Gaussian with exact least-squares mini-batch mean/covariance
kappa_sweep,hb,5,50,5000,256,30.0,0.01,0.9,0.03333333333333333,0.5,0.0272089994441023,0.028745097761625853,Gaussian with exact least-squares mini-batch mean/covariance
kappa_sweep,hb,6,50,5000,256,30.0,0.01,0.9,0.03333333333333333,0.5,0.02758059395049197,0.017686699013212435,Gaussian with exact least-squares mini-batch mean/covariance
kappa_sweep,hb,7,50,5000,256,30.0,0.01,0.9,0.03333333333333333,0.5,0.029717779581930063,0.0368984180457456,Gaussian with exact least-squares mini-batch mean/covariance
kappa_sweep,hb,8,50,5000,256,30.0,0.01,0.9,0.03333333333333333,0.5,0.027406627066146643,0.01755325022396228,Gaussian with exact least-squares mini-batch mean/covariance
kappa_sweep,hb,9,50,5000,256,30.0,0.01,0.9,0.03333333333333333,0.5,0.02720639882714382,0.020773118538563926,Gaussian with exact least-squares mini-batch mean/covariance
kappa_sweep,hb,10,50,5000,256,30.0,0.01,0.9,0.03333333333333333,0.5,0.027641750340042553,0.019797312828400845,Gaussian with exact least-squares mini-batch mean/covariance
kappa_sweep,hb,11,50,5000,256,30.0,0.01,0.9,0.03333333333333333,0.5,0.027535441279908913,0.023331279159862214,Gaussian with exact least-squares mini-batch mean/covariance
kappa_sweep,hb,12,50,5000,256,30.0,0.01,0.9,0.03333333333333333,0.5,0.028313352475683486,0.022127251716744713,Gaussian with exact least-squares mini-batch mean/covariance
kappa_sweep,hb,13,50,5000,256,30.0,0.01,0.9,0.03333333333333333,0.5,0.027494234609414418,0.036618548028632444,Gaussian with exact least-squares mini-batch mean/covariance
kappa_sweep,hb,14,50,5000,256,30.0,0.01,0.9,0.03333333333333333,0.5,0.026381264174554598,0.019899848259739717,Gaussian with exact least-squares mini-batch mean/covariance
kappa_sweep,hb,15,50,5000,256,30.0,0.01,0.9,0.03333333333333333,0.5,0.028064087642932185,0.03198851695851899,Gaussian with exact least-squares mini-batch mean/covariance
kappa_sweep,hb,16,50,5000,256,30.0,0.01,0.9,0.03333333333333333,0.5,0.02769447705327397,0.027968007225425397,Gaussian with exact least-squares mini-batch mean/covariance
kappa_sweep,hb,17,50,5000,256,30.0,0.01,0.9,0.03333333333333333,0.5,0.026953761319916555,0.01485039085411744,Gaussian with exact least-squares mini-batch mean/covariance
kappa_sweep,hb,18,50,5000,256,30.0,0.01,0.9,0.03333333333333333,0.5,0.0270939441329393,0.036903044459370433,Gaussian with exact least-squares mini-batch mean/covariance
kappa_sweep,hb,19,50,5000,256,30.0,0.01,0.9,0.03333333333333333,0.5,0.02792733875874911,0.0204838176543971,Gaussian with exact least-squares mini-batch mean/covariance
kappa_sweep,nag,0,50,5000,256,30.0,0.01,0.9,0.03333333333333333,0.5,0.008420997449093899,0.011477807659832312,Gaussian with exact least-squares mini-batch mean/covariance
kappa_sweep,nag,1,50,5000,256,30.0,0.01,0.9,0.03333333333333333,0.5,0.00858062387392117,0.00962317392615595,Gaussian with exact least-squares mini-batch mean/covariance
kappa_sweep,nag,2,50,5000,256,30.0,0.01,0.9,0.03333333333333333,0.5,0.008604668875481497,0.008743143318986185,Gaussian with exact least-squares mini-batch mean/covariance
kappa_sweep,nag,3,50,5000,256,30.0,0.01,0.9,0.03333333333333333,0.5,0.008579946930750421,0.008863433701486085,Gaussian with exact least-squares mini-batch mean/covariance
kappa_sweep,nag,4,50,5000,256,30.0,0.01,0.9,0.03333333333333333,0.5,0.008549114744376049,0.0129024213477011,Gaussian with exact least-squares mini-batch mean/covariance
kappa_sweep,nag,5,50,5000,256,30.0,0.01,0.9,0.03333333333333333,0.5,0.008490656020581404,0.0072653889344324535,Gaussian with exact least-squares mini-batch mean/covariance
kappa_sweep,nag,6,50,5000,256,30.0,0.01,0.9,0.03333333333333333,0.5,0.00862920542510432,0.008036472545758294,Gaussian with exact least-squares mini-batch mean/covariance
kappa_sweep,nag,7,50,5000,256,30.0,0.01,0.9,0.03333333333333333,0.5,0.008727094202165265,0.006574407245467926,Gaussian with exact least-squares mini-batch mean/covariance
kappa_sweep,nag,8,50,5000,256,30.0,0.01,0.9,0.03333333333333333,0.5,0.00863669539585069,0.007925220462106173,Gaussian with exact least-squares mini-batch mean/covariance
kappa_sweep,nag,9,50,5000,256,30.0,0.01,0.9,0.03333333333333333,0.5,0.008598870555383305,0.008994652086974505,Gaussian with exact least-squares mini-batch mean/covariance
kappa_sweep,nag,10,50,5000,256,30.0,0.01,0.9,0.03333333333333333,0.5,0.008627262233855116,0.00790215430627682,Gaussian with exact least-squares mini-batch mean/covariance
kappa_sweep,nag,11,50,5000,256,30.0,0.01,0.9,0.03333333333333333,0.5,0.008665539909052234,0.008197968734140951,Gaussian with exact least-squares mini-batch mean/covariance
kappa_sweep,nag,12,50,5000,256,30.0,0.01,0.9,0.03333333333333333,0.5,0.008649445424292964,0.007835657508798203,Gaussian with exact least-squares mini-batch mean/covariance
kappa_sweep,nag,13,50,5000,256,30.0,0.01,0.9,0.03333333333333333,0.5,0.008526339234509501,0.0071062723491454515,Gaussian with exact least-squares mini-batch mean/covariance
kappa_sweep,nag,14,50,5000,256,30.0,0.01,0.9,0.03333333333333333,0.5,0.008417872644231236,0.008156849891793596,Gaussian with exact least-squares mini-batch mean/covariance
kappa_sweep,nag,15,50,5000,256,30.0,0.01,0.9,0.03333333333333333,0.5,0.008597440702923367,0.007337696487001069,Gaussian with exact least-squares mini-batch mean/covariance
kappa_sweep,nag,16,50,5000,256,30.0,0.01,0.9,0.03333333333333333,0.5,0.008632004250660671,0.005449505313321849,Gaussian with exact least-squares mini-batch mean/covariance
kappa_sweep,nag,17,50,5000,256,30.0,0.01,0.9,0.03333333333333333,0.5,0.00854149815210153,0.0077488567987921775,Gaussian with exact least-squares mini-batch mean/covariance
kappa_sweep,nag,18,50,5000,256,30.0,0.01,0.9,0.03333333333333333,0.5,0.00848408293067501,0.00769156032194208,Gaussian with exact least-squares mini-batch mean/covariance
kappa_sweep,nag,19,50,5000,256,30.0,0.01,0.9,0.03333333333333333,0.5,0.008600249036864323,0.00793784853845805,Gaussian with exact least-squares mini-batch mean/covariance
kappa_sweep,sgd,0,50,5000,256,100.0,0.01,0.0,0.01,0.5,0.0016720981422834343,0.001815139628312293,Gaussian with exact least-squares mini-batch mean/covariance
kappa_sweep,sgd,1,50,5000,256,100.0,0.01,0.0,0.01,0.5,0.0016179598549775232,0.0018083313901197575,Gaussian with exact least-squares mini-batch mean/covariance
kappa_sweep,sgd,2,50,5000,256,100.0,0.01,0.0,0.01,0.5,0.0016575229471415612,0.001873979824752261,Gaussian with exact least-squares mini-batch mean/covariance
kappa_sweep,sgd,3,50,5000,256,100.0,0.01,0.0,0.01,0.5,0.0016652055776169216,0.0013008595928450033,Gaussian with exact least-squares mini-batch mean/covariance
kappa_sweep,sgd,4,50,5000,256,100.0,0.01,0.0,0.01,0.5,0.001595370844982998,0.0008936733266264069,Gaussian with exact least-squares mini-batch mean/covariance
kappa_sweep,sgd,5,50,5000,256,100.0,0.01,0.0,0.01,0.5,0.0015193117832245468,0.0012251513284835822,Gaussian with exact least-squares mini-batch mean/covariance
kappa_sweep,sgd,6,50,5000,256,100.0,0.01,0.0,0.01,0.5,0.001632570628668168,0.0013164882120981032,Gaussian with exact least-squares mini-batch mean/covariance
kappa_sweep,sgd,7,50,5000,256,100.0,0.01,0.0,0.01,0.5,0.0016607300934638552,0.0019808017076510987,Gaussian with exact least-squares mini-batch mean/covariance
kappa_sweep,sgd,8,50,5000,256,100.0,0.01,0.0,0.01,0.5,0.0016882793199255296,0.0013416125760656386,Gaussian with exact least-squares mini-batch mean/covariance
kappa_sweep,sgd,9,50,5000,256,100.0,0.01,0.0,0.01,0.5,0.0015656034961810251,0.00146414718817876,Gaussian with exact least-squares mini-batch mean/covariance
kappa_sweep,sgd,10,50,5000,256,100.0,0.01,0.0,0.01,0.5,0.001471585228866405,0.0021752506381997974,Gaussian with exact least-squares mini-batch mean/covariance
kappa_sweep,sgd,11,50,5000,256,100.0,0.01,0.0,0.01,0.5,0.0016775040680011841,0.0015759847332526501,Gaussian with exact least-squares mini-batch mean/covariance
kappa_sweep,sgd,12,50,5000,256,100.0,0.01,0.0,0.01,0.5,0.001604068124882866,0.0019449587535065867,Gaussian with exact least-squares mini-batch mean/covariance
kappa_sweep,sgd,13,50,5000,256,100.0,0.01,0.0,0.01,0.5,0.0016331840404565745,0.0021339325917854673,Gaussian with exact least-squares mini-batch mean/covariance
kappa_sweep,sgd,14,50,5000,256,100.0,0.01,0.0,0.01,0.5,0.0016743174804239981,0.0012689702305676812,Gaussian with exact least-squares mini-batch mean/covariance
kappa_sweep,sgd,15,50,5000,256,100.0,0.01,0.0,0.01,0.5,0.0015628620523433399,0.0017036382212597132,Gaussian with exact least-squares mini-batch mean/covariance
kappa_sweep,sgd,16,50,5000,256,100.0,0.01,0.0,0.01,0.5,0.0016159608787555033,0.002376948322496498,Gaussian with exact least-squares mini-batch mean/covariance
kappa_sweep,sgd,17,50,5000,256,100.0,0.01,0.0,0.01,0.5,0.0016324430076027265,0.0014108827907689787,Gaussian with exact least-squares mini-batch mean/covariance
kappa_sweep,sgd,18,50,5000,256,100.0,0.01,0.0,0.01,0.5,0.0015899024156749806,0.0012782604128583962,Gaussian with exact least-squares mini-batch mean/covariance
kappa_sweep,sgd,19,50,5000,256,100.0,0.01,0.0,0.01,0.5,0.0017027058597963013,0.0013170140811370067,Gaussian with exact least-squares mini-batch mean/covariance
kappa_sweep,hb,0,50,5000,256,100.0,0.01,0.9,0.01,0.5,0.007807460206751569,0.0070127401971933016,Gaussian with exact least-squares mini-batch mean/covariance
kappa_sweep,hb,1,50,5000,256,100.0,0.01,0.9,0.01,0.5,0.007836980940264509,0.011702777774131893,Gaussian with exact least-squares mini-batch mean/covariance
kappa_sweep,hb,2,50,5000,256,100.0,0.01,0.9,0.01,0.5,0.007970378364617513,0.008732050157953577,Gaussian with exact least-squares mini-batch mean/covariance
kappa_sweep,hb,3,50,5000,256,100.0,0.01,0.9,0.01,0.5,0.007698157460444766,0.006337003936351406,Gaussian with exact least-squares mini-batch mean/covariance
kappa_sweep,hb,4,50,5000,256,100.0,0.01,0.9,0.01,0.5,0.00758863551650185,0.005484735278278422,Gaussian with exact least-squares mini-batch mean/covariance
kappa_sweep,hb,5,50,5000,256,100.0,0.01,0.9,0.01,0.5,0.00793663311849199,0.006824989159215029,Gaussian with exact least-squares mini-batch mean/covariance
kappa_sweep,hb,6,50,5000,256,100.0,0.01,0.9,0.01,0.5,0.007945402933006942,0.007985244636075814,Gaussian with exact least-squares mini-batch mean/covariance
kappa_sweep,hb,7,50,5000,256,100.0,0.01,0.9,0.01,0.5,0.007668880654285175,0.00761783219341642,Gaussian with exact least-squares mini-batch mean/covariance
kappa_sweep,hb,8,50,5000,256,100.0,0.01,0.9,0.01,0.5,0.0075081154047374485,0.004999343152290252,Gaussian with exact least-squares mini-batch mean/covariance
kappa_sweep,hb,9,50,5000,256,100.0,0.01,0.9,0.01,0.5,0.007429107320999242,0.008808075057217674,Gaussian with exact least-squares mini-batch mean/covariance
kappa_sweep,hb,10,50,5000,256,100.0,0.01,0.9,0.01,0.5,0.00796017005668204,0.0068657388070394116,Gaussian with exact least-squares mini-batch mean/covariance
kappa_sweep,hb,11,50,5000,256,100.0,0.01,0.9,0.01,0.5,0.007872134533222008,0.010288113163395132,Gaussian with exact least-squares mini-batch mean/covariance
kappa_sweep,hb,12,50,5000,256,100.0,0.01,0.9,0.01,0.5,0.007830983611259792,0.006730016943664532,Gaussian with exact least-squares mini-batch mean/covariance
kappa_sweep,hb,13,50,5000,256,100.0,0.01,0.9,0.01,0.5,0.007660300382336571,0.00935509974714383,Gaussian with exact least-squares mini-batch mean/covariance
kappa_sweep,hb,14,50,5000,256,100.0,0.01,0.9,0.01,0.5,0.007802533418646415,0.005554666874970784,Gaussian with exact least-squares mini-batch mean/covariance
kappa_sweep,hb,15,50,5000,256,100.0,0.01,0.9,0.01,0.5,0.007663850611244476,0.006288404229945267,Gaussian with exact least-squares mini-batch mean/covariance
kappa_sweep,hb,16,50,5000,256,100.0,0.01,0.9,0.01,0.5,0.00782039925856849,0.006715835192608433,Gaussian with exact least-squares mini-batch mean/covariance
kappa_sweep,hb,17,50,5000,256,100.0,0.01,0.9,0.01,0.5,0.00777273549987987,0.011352155016706068,Gaussian with exact least-squares mini-batch mean/covariance
kappa_sweep,hb,18,50,5000,256,100.0,0.01,0.9,0.01,0.5,0.007875569903064802,0.006177669914094265,Gaussian with exact least-squares mini-batch mean/covariance
kappa_sweep,hb,19,50,5000,256,100.0,0.01,0.9,0.01,0.5,0.007926866832364786,0.006646077775155421,Gaussian with exact least-squares mini-batch mean/covariance
kappa_sweep,nag,0,50,5000,256,100.0,0.01,0.9,0.01,0.5,0.0033443839989282646,0.003065495638167967,Gaussian with exact least-squares mini-batch mean/covariance
kappa_sweep,nag,1,50,5000,256,100.0,0.01,0.9,0.01,0.5,0.003298602126930232,0.0027047002514636737,Gaussian with exact least-squares mini-batch mean/covariance
kappa_sweep,nag,2,50,5000,256,100.0,0.01,0.9,0.01,0.5,0.0033523946632172574,0.003393946224182153,Gaussian with exact least-squares mini-batch mean/covariance
kappa_sweep,nag,3,50,5000,256,100.0,0.01,0.9,0.01,0.5,0.0033975256071477476,0.0022681591977565477,Gaussian with exact least-squares mini-batch mean/covariance
kappa_sweep,nag,4,50,5000,256,100.0,0.01,0.9,0.01,0.5,0.0034186454488095664,0.0027865505074114866,Gaussian with exact least-squares mini-batch mean/covariance
kappa_sweep,nag,5,50,5000,256,100.0,0.01,0.9,0.01,0.5,0.003446316738255448,0.004050159884940876,Gaussian with exact least-squares mini-batch mean/covariance
kappa_sweep,nag,6,50,5000,256,100.0,0.01,0.9,0.01,0.5,0.0033854866271454996,0.0021102641527889184,Gaussian with exact least-squares mini-batch mean/covariance
kappa_sweep,nag,7,50,5000,256,100.0,0.01,0.9,0.01,0.5,0.003374071982946786,0.003162641104513813,Gaussian with exact least-squares mini-batch mean/covariance
kappa_sweep,nag,8,50,5000,256,100.0,0.01,0.9,0.01,0.5,0.0034164116351397995,0.0020759503205350816,Gaussian with exact least-squares mini-batch mean/covariance
kappa_sweep,nag,9,50,5000,256,100.0,0.01,0.9,0.01,0.5,0.0033894380456522505,0.0030456404876262996,Gaussian with exact least-squares mini-batch mean/covariance
kappa_sweep,nag,10,50,5000,256,100.0,0.01,0.9,0.01,0.5,0.0033513031253027572,0.0030144475211631044,Gaussian with exact least-squares mini-batch mean/covariance
kappa_sweep,nag,11,50,5000,256,100.0,0.01,0.9,0.01,0.5,0.0033574068567231805,0.00403255710228388,Gaussian with exact least-squares mini-batch mean/covariance
kappa_sweep,nag,12,50,5000,256,100.0,0.01,0.9,0.01,0.5,0.003462046651873115,0.002087419476341125,Gaussian with exact least-squares mini-batch mean/covariance
kappa_sweep,nag,13,50,5000,256,100.0,0.01,0.9,0.01,0.5,0.003308780655624835,0.004018293423306701,Gaussian with exact least-squares mini-batch mean/covariance
kappa_sweep,nag,14,50,5000,256,100.0,0.01,0.9,0.01,0.5,0.003394426545387511,0.002987574491150884,Gaussian with exact least-squares mini-batch mean/covariance
kappa_sweep,nag,15,50,5000,256,100.0,0.01,0.9,0.01,0.5,0.0033209166402702827,0.0033205176162991548,Gaussian with exact least-squares mini-batch mean/covariance
kappa_sweep,nag,16,50,5000,256,100.0,0.01,0.9,0.01,0.5,0.0033197640507111052,0.003250915989953867,Gaussian with exact least-squares mini-batch mean/covariance
kappa_sweep,nag,17,50,5000,256,100.0,0.01,0.9,0.01,0.5,0.003415702759725581,0.0028268295086457717,Gaussian with exact least-squares mini-batch mean/covariance
kappa_sweep,nag,18,50,5000,256,100.0,0.01,0.9,0.01,0.5,0.0033839409095785854,0.002773159912103839,Gaussian with exact least-squares mini-batch mean/covariance
kappa_sweep,nag,19,50,5000,256,100.0,0.01,0.9,0.01,0.5,0.0034000360928589123,0.0032812286885561567,Gaussian with exact least-squares mini-batch mean/covariance
kappa_sweep,sgd,0,50,5000,256,300.0,0.01,0.0,0.0033333333333333335,0.5,0.0028363238785305677,0.0019988522386273945,Gaussian with exact least-squares mini-batch mean/covariance
kappa_sweep,sgd,1,50,5000,256,300.0,0.01,0.0,0.0033333333333333335,0.5,0.002851525582181268,0.0020358951729398563,Gaussian with exact least-squares mini-batch mean/covariance
kappa_sweep,sgd,2,50,5000,256,300.0,0.01,0.0,0.0033333333333333335,0.5,0.0031701805971043025,0.0029934225191106238,Gaussian with exact least-squares mini-batch mean/covariance
kappa_sweep,sgd,3,50,5000,256,300.0,0.01,0.0,0.0033333333333333335,0.5,0.002641367577752414,0.001858228982885467,Gaussian with exact least-squares mini-batch mean/covariance
kappa_sweep,sgd,4,50,5000,256,300.0,0.01,0.0,0.0033333333333333335,0.5,0.002828454082049952,0.002213404343901698,Gaussian with exact least-squares mini-batch mean/covariance
kappa_sweep,sgd,5,50,5000,256,300.0,0.01,0.0,0.0033333333333333335,0.5,0.00275691837564195,0.002188935871612898,Gaussian with exact least-squares mini-batch mean/covariance
kappa_sweep,sgd,6,50,5000,256,300.0,0.01,0.0,0.0033333333333333335,0.5,0.0027955308867904645,0.0030899137472112518,Gaussian with exact least-squares mini-batch mean/covariance
kappa_sweep,sgd,7,50,5000,256,300.0,0.01,0.0,0.0033333333333333335,0.5,0.003240327561920486,0.002901456643186746,Gaussian with exact least-squares mini-batch mean/covariance
kappa_sweep,sgd,8,50,5000,256,300.0,0.01,0.0,0.0033333333333333335,0.5,0.003350795151914311,0.003643651964741955,Gaussian with exact least-squares mini-batch mean/covariance
kappa_sweep,sgd,9,50,5000,256,300.0,0.01,0.0,0.0033333333333333335,0.5,0.0027118727098697968,0.003534812010659624,Gaussian with exact least-squares mini-batch mean/covariance
kappa_sweep,sgd,10,50,5000,256,300.0,0.01,0.0,0.0033333333333333335,0.5,0.002858573284994393,0.001897199658485454,Gaussian with exact least-squares mini-batch mean/covariance
kappa_sweep,sgd,11,50,5000,256,300.0,0.01,0.0,0.0033333333333333335,0.5,0.0032148648189788192,0.002577608275542308,Gaussian with exact least-squares mini-batch mean/covariance
kappa_sweep,sgd,12,50,5000,256,300.0,0.01,0.0,0.0033333333333333335,0.5,0.002489944867772955,0.0018836707533250042,Gaussian with exact least-squares mini-batch mean/covariance
kappa_sweep,sgd,13,50,5000,256,300.0,0.01,0.0,0.0033333333333333335,0.5,0.002736020357912344,0.002504513907342388,Gaussian with exact least-squares mini-batch mean/covariance
kappa_sweep,sgd,14,50,5000,256,300.0,0.01,0.0,0.0033333333333333335,0.5,0.0031035660396942512,0.004426623208234556,Gaussian with exact least-squares mini-batch mean/covariance
kappa_sweep,sgd,15,50,5000,256,300.0,0.01,0.0,0.0033333333333333335,0.5,0.0029046873066796174,0.0013042476744373498,Gaussian with exact least-squares mini-batch mean/covariance
kappa_sweep,sgd,16,50,5000,256,300.0,0.01,0.0,0.0033333333333333335,0.5,0.0029280309724152207,0.0026235607314025774,Gaussian with exact least-squares mini-batch mean/covariance
kappa_sweep,sgd,17,50,5000,256,300.0,0.01,0.0,0.0033333333333333335,0.5,0.0028214810306826823,0.0030078739852732756,Gaussian with exact least-squares mini-batch mean/covariance
kappa_sweep,sgd,18,50,5000,256,300.0,0.01,0.0,0.0033333333333333335,0.5,0.0028263908550389713,0.003037473007336131,Gaussian with exact least-squares mini-batch mean/covariance
kappa_sweep,sgd,19,50,5000,256,300.0,0.01,0.0,0.0033333333333333335,0.5,0.0023069886782778235,0.002301290974646332,Gaussian with exact least-squares mini-batch mean/covariance
kappa_sweep,hb,0,50,5000,256,300.0,0.01,0.9,0.0033333333333333335,0.5,0.0029872779620063786,0.0023812540672378695,Gaussian with exact least-squares mini-batch mean/covariance
kappa_sweep,hb,1,50,5000,256,300.0,0.01,0.9,0.0033333333333333335,0.5,0.00301348986675143,0.00410790740240188,Gaussian with exact least-squares mini-batch mean/covariance
kappa_sweep,hb,2,50,5000,256,300.0,0.01,0.9,0.0033333333333333335,0.5,0.003011765613533257,0.0026480776298843643,Gaussian with exact least-squares mini-batch mean/covariance
kappa_sweep,hb,3,50,5000,256,300.0,0.01,0.9,0.0033333333333333335,0.5,0.003048392828152565,0.0034284435688826135,Gaussian with exact least-squares mini-batch mean/covariance
kappa_sweep,hb,4,50,5000,256,300.0,0.01,0.9,0.0033333333333333335,0.5,0.0029826226597311745,0.0025200596213681152,Gaussian with exact least-squares mini-batch mean/covariance
kappa_sweep,hb,5,50,5000,256,300.0,0.01,0.9,0.0033333333333333335,0.5,0.002994667598534391,0.0026853953250659504,Gaussian with exact least-squares mini-batch mean/covariance
kappa_sweep,hb,6,50,5000,256,300.0,0.01,0.9,0.0033333333333333335,0.5,0.0030561680990795507,0.003204311600720985,Gaussian with exact least-squares mini-batch mean/covariance
kappa_sweep,hb,7,50,5000,256,300.0,0.01,0.9,0.0033333333333333335,0.5,0.0030418019190002637,0.004190191313124257,Gaussian with exact least-squares mini-batch mean/covariance
kappa_sweep,hb,8,50,5000,256,300.0,0.01,0.9,0.0033333333333333335,0.5,0.0030027682043817887,0.003297886576314876,Gaussian with exact least-squares mini-batch mean/covariance
kappa_sweep,hb,9,50,5000,256,300.0,0.01,0.9,0.0033333333333333335,0.5,0.002978283288251691,0.002940170326042284,Gaussian with exact least-squares mini-batch mean/covariance
kappa_sweep,hb,10,50,5000,256,300.0,0.01,0.9,0.0033333333333333335,0.5,0.0029381295355993325,0.003912750930784289,Gaussian with exact least-squares mini-batch mean/covariance
kappa_sweep,hb,11,50,5000,256,300.0,0.01,0.9,0.0033333333333333335,0.5,0.003117626320013444,0.0036685971011649974,Gaussian with exact least-squares mini-batch mean/covariance
kappa_sweep,hb,12,50,5000,256,300.0,0.01,0.9,0.0033333333333333335,0.5,0.0029111541801294964,0.0026451088427723317,Gaussian with exact least-squares mini-batch mean/covariance
kappa_sweep,hb,13,50,5000,256,300.0,0.01,0.9,0.0033333333333333335,0.5,0.002892581321979743,0.002727584929418518,Gaussian with exact least-squares mini-batch mean/covariance
kappa_sweep,hb,14,50,5000,256,300.0,0.01,0.9,0.0033333333333333335,0.5,0.002961745210812804,0.0020049808883538097,Gaussian with exact least-squares mini-batch mean/covariance
kappa_sweep,hb,15,50,5000,256,300.0,0.01,0.9,0.0033333333333333335,0.5,0.0029803371090127415,0.0029068486963568425,Gaussian with exact least-squares mini-batch mean/covariance
kappa_sweep,hb,16,50,5000,256,300.0,0.01,0.9,0.0033333333333333335,0.5,0.002967386564339391,0.00397912671137894,Gaussian with exact least-squares mini-batch mean/covariance
kappa_sweep,hb,17,50,5000,256,300.0,0.01,0.9,0.0033333333333333335,0.5,0.0030991779650320858,0.0029143847762780955,Gaussian with exact least-squares mini-batch mean/covariance
kappa_sweep,hb,18,50,5000,256,300.0,0.01,0.9,0.0033333333333333335,0.5,0.0030578858904965985,0.002513061021314046,Gaussian with exact least-squares mini-batch mean/covariance
kappa_sweep,hb,19,50,5000,256,300.0,0.01,0.9,0.0033333333333333335,0.5,0.003004451095206595,0.0027301061188802073,Gaussian with exact least-squares mini-batch mean/covariance
kappa_sweep,nag,0,50,5000,256,300.0,0.01,0.9,0.0033333333333333335,0.5,0.0016794181404120683,0.0010132831552049492,Gaussian with exact least-squares mini-batch mean/covariance
kappa_sweep,nag,1,50,5000,256,300.0,0.01,0.9,0.0033333333333333335,0.5,0.0016172523654139894,0.0015993079415045294,Gaussian with exact least-squares mini-batch mean/covariance
kappa_sweep,nag,2,50,5000,256,300.0,0.01,0.9,0.0033333333333333335,0.5,0.0016170528622291996,0.0010596850266209716,Gaussian with exact least-squares mini-batch mean/covariance
kappa_sweep,nag,3,50,5000,256,300.0,0.01,0.9,0.0033333333333333335,0.5,0.0016559177964715981,0.0017117414978011466,Gaussian with exact least-squares mini-batch mean/covariance
kappa_sweep,nag,4,50,5000,256,300.0,0.01,0.9,0.0033333333333333335,0.5,0.0016094122668313929,0.001111532528873898,Gaussian with exact least-squares mini-batch mean/covariance
kappa_sweep,nag,5,50,5000,256,300.0,0.01,0.9,0.0033333333333333335,0.5,0.0016569450050032796,0.0014343535233654844,Gaussian with exact least-squares mini-batch mean/covariance
kappa_sweep,nag,6,50,5000,256,300.0,0.01,0.9,0.0033333333333333335,0.5,0.0016353404402130068,0.0014983384271340606,Gaussian with exact least-squares mini-batch mean/covariance
kappa_sweep,nag,7,50,5000,256,300.0,0.01,0.9,0.0033333333333333335,0.5,0.001754141616746599,0.0015602667028901903,Gaussian with exact least-squares mini-batch mean/covariance
kappa_sweep,nag,8,50,5000,256,300.0,0.01,0.9,0.0033333333333333335,0.5,0.0016314266234248758,0.0018448510084058984,Gaussian with exact least-squares mini-batch mean/covariance
kappa_sweep,nag,9,50,5000,256,300.0,0.01,0.9,0.0033333333333333335,0.5,0.0016399553521268065,0.002177939343595625,Gaussian with exact least-squares mini-batch mean/covariance
kappa_sweep,nag,10,50,5000,256,300.0,0.01,0.9,0.0033333333333333335,0.5,0.001636789741255383,0.0015578947347793042,Gaussian with exact least-squares mini-batch mean/covariance
kappa_sweep,nag,11,50,5000,256,300.0,0.01,0.9,0.0033333333333333335,0.5,0.001718917641873808,0.0017490700207101638,Gaussian with exact least-squares mini-batch mean/covariance
kappa_sweep,nag,12,50,5000,256,300.0,0.01,0.9,0.0033333333333333335,0.5,0.0016604979753038261,0.0018082581366821566,Gaussian with exact least-squares mini-batch mean/covariance
kappa_sweep,nag,13,50,5000,256,300.0,0.01,0.9,0.0033333333333333335,0.5,0.0015996364053367533,0.0019103756907623791,Gaussian with exact least-squares mini-batch mean/covariance
kappa_sweep,nag,14,50,5000,256,300.0,0.01,0.9,0.0033333333333333335,0.5,0.001619863048336089,0.0012549811023232949,Gaussian with exact least-squares mini-batch mean/covariance
kappa_sweep,nag,15,50,5000,256,300.0,0.01,0.9,0.0033333333333333335,0.5,0.0016734005492140681,0.0015613674780502482,Gaussian with exact least-squares mini-batch mean/covariance
kappa_sweep,nag,16,50,5000,256,300.0,0.01,0.9,0.0033333333333333335,0.5,0.0016810377858674332,0.0017017138463106432,Gaussian with exact least-squares mini-batch mean/covariance
kappa_sweep,nag,17,50,5000,256,300.0,0.01,0.9,0.0033333333333333335,0.5,0.001671410387189226,0.0009431694845709355,Gaussian with exact least-squares mini-batch mean/covariance
kappa_sweep,nag,18,50,5000,256,300.0,0.01,0.9,0.0033333333333333335,0.5,0.0016622889353421972,0.0014111517839002058,Gaussian with exact least-squares mini-batch mean/covariance
kappa_sweep,nag,19,50,5000,256,300.0,0.01,0.9,0.0033333333333333335,0.5,0.0016133390661744866,0.001394719175338609,Gaussian with exact least-squares mini-batch mean/covariance
kappa_sweep,sgd,0,50,5000,256,1000.0,0.01,0.0,0.001,0.5,0.006342131009787963,0.006589834300130075,Gaussian with exact least-squares mini-batch mean/covariance
kappa_sweep,sgd,1,50,5000,256,1000.0,0.01,0.0,0.001,0.5,0.007905635159979035,0.013525454986263494,Gaussian with exact least-squares mini-batch mean/covariance
kappa_sweep,sgd,2,50,5000,256,1000.0,0.01,0.0,0.001,0.5,0.0073205134213279845,0.010242137850095704,Gaussian with exact least-squares mini-batch mean/covariance
kappa_sweep,sgd,3,50,5000,256,1000.0,0.01,0.0,0.001,0.5,0.006617530963224896,0.006492022070287486,Gaussian with exact least-squares mini-batch mean/covariance
kappa_sweep,sgd,4,50,5000,256,1000.0,0.01,0.0,0.001,0.5,0.006447166661112513,0.013035102196650383,Gaussian with exact least-squares mini-batch mean/covariance
kappa_sweep,sgd,5,50,5000,256,1000.0,0.01,0.0,0.001,0.5,0.00853687736628536,0.011632142226607961,Gaussian with exact least-squares mini-batch mean/covariance
kappa_sweep,sgd,6,50,5000,256,1000.0,0.01,0.0,0.001,0.5,0.00787513689027021,0.005836119330925536,Gaussian with exact least-squares mini-batch mean/covariance
kappa_sweep,sgd,7,50,5000,256,1000.0,0.01,0.0,0.001,0.5,0.007181260434180626,0.009091383113749683,Gaussian with exact least-squares mini-batch mean/covariance
kappa_sweep,sgd,8,50,5000,256,1000.0,0.01,0.0,0.001,0.5,0.007721555871832081,0.005355611550093308,Gaussian with exact least-squares mini-batch mean/covariance
kappa_sweep,sgd,9,50,5000,256,1000.0,0.01,0.0,0.001,0.5,0.011660732188759257,0.01133513904383001,Gaussian with exact least-squares mini-batch mean/covariance
kappa_sweep,sgd,10,50,5000,256,1000.0,0.01,0.0,0.001,0.5,0.005881902123239759,0.007558095351160656,Gaussian with exact least-squares mini-batch mean/covariance
kappa_sweep,sgd,11,50,5000,256,1000.0,0.01,0.0,0.001,0.5,0.009720357442086087,0.007248289194317548,Gaussian with exact least-squares mini-batch mean/covariance
kappa_sweep,sgd,12,50,5000,256,1000.0,0.01,0.0,0.001,0.5,0.006994522671209788,0.006951248404685727,Gaussian with exact least-squares mini-batch mean/covariance
kappa_sweep,sgd,13,50,5000,256,1000.0,0.01,0.0,0.001,0.5,0.00801104641107228,0.006756153416367632,Gaussian with exact least-squares mini-batch mean/covariance
kappa_sweep,sgd,14,50,5000,256,1000.0,0.01,0.0,0.001,0.5,0.00792667680674659,0.005104280739903565,Gaussian with exact least-squares mini-batch mean/covariance
kappa_sweep,sgd,15,50,5000,256,1000.0,0.01,0.0,0.001,0.5,0.009683232012517029,0.007304393074177672,Gaussian with exact least-squares mini-batch mean/covariance
kappa_sweep,sgd,16,50,5000,256,1000.0,0.01,0.0,0.001,0.5,0.008574149940191253,0.00936566842930685,Gaussian with exact least-squares mini-batch mean/covariance
kappa_sweep,sgd,17,50,5000,256,1000.0,0.01,0.0,0.001,0.5,0.006834531613620405,0.0053490603369446875,Gaussian with exact least-squares mini-batch mean/covariance
kappa_sweep,sgd,18,50,5000,256,1000.0,0.01,0.0,0.001,0.5,0.00702229977778534,0.0031919498732032184,Gaussian with exact least-squares mini-batch mean/covariance
kappa_sweep,sgd,19,50,5000,256,1000.0,0.01,0.0,0.001,0.5,0.008559731022244622,0.014140488568774789,Gaussian with exact least-squares mini-batch mean/covariance
kappa_sweep,hb,0,50,5000,256,1000.0,0.01,0.9,0.001,0.5,0.0018787002140741446,0.0023207411823778262,Gaussian with exact least-squares mini-batch mean/covariance
kappa_sweep,hb,1,50,5000,256,1000.0,0.01,0.9,0.001,0.5,0.001922895548601589,0.0019277791411479559,Gaussian with exact least-squares mini-batch mean/covariance
kappa_sweep,hb,2,50,5000,256,1000.0,0.01,0.9,0.001,0.5,0.0018831824181453933,0.0011813840166779136,Gaussian with exact least-squares mini-batch mean/covariance
kappa_sweep,hb,3,50,5000,256,1000.0,0.01,0.9,0.001,0.5,0.0018997465267899273,0.002097641694636564,Gaussian with exact least-squares mini-batch mean/covariance
kappa_sweep,hb,4,50,5000,256,1000.0,0.01,0.9,0.001,0.5,0.0018674712069252206,0.001970127751533827,Gaussian with exact least-squares mini-batch mean/covariance
kappa_sweep,hb,5,50,5000,256,1000.0,0.01,0.9,0.001,0.5,0.0019081107596106903,0.0026384282856578675,Gaussian with exact least-squares mini-batch mean/covariance
kappa_sweep,hb,6,50,5000,256,1000.0,0.01,0.9,0.001,0.5,0.0017940854449781092,0.0024265531740527532,Gaussian with exact least-squares mini-batch mean/covariance
kappa_sweep,hb,7,50,5000,256,1000.0,0.01,0.9,0.001,0.5,0.0019001198329888364,0.0025808096128840854,Gaussian with exact least-squares mini-batch mean/covariance
kappa_sweep,hb,8,50,5000,256,1000.0,0.01,0.9,0.001,0.5,0.0018922288619611359,0.0021946577771282056,Gaussian with exact least-squares mini-batch mean/covariance
kappa_sweep,hb,9,50,5000,256,1000.0,0.01,0.9,0.001,0.5,0.0018906356262245979,0.0018018826012567075,Gaussian with exact least-squares mini-batch mean/covariance
kappa_sweep,hb,10,50,5000,256,1000.0,0.01,0.9,0.001,0.5,0.0018360800097973744,0.0030159809235988503,Gaussian with exact least-squares mini-batch mean/covariance
kappa_sweep,hb,11,50,5000,256,1000.0,0.01,0.9,0.001,0.5,0.0018551608198018083,0.0017566044852323397,Gaussian with exact least-squares mini-batch mean/covariance
kappa_sweep,hb,12,50,5000,256,1000.0,0.01,0.9,0.001,0.5,0.0018591802001226394,0.002460362405402054,Gaussian with exact least-squares mini-batch mean/covariance
kappa_sweep,hb,13,50,5000,256,1000.0,0.01,0.9,0.001,0.5,0.0019367429455391697,0.0016838226184522345,Gaussian with exact least-squares mini-batch mean/covariance
kappa_sweep,hb,14,50,5000,256,1000.0,0.01,0.9,0.001,0.5,0.0018718770236950141,0.0018115219844592036,Gaussian with exact least-squares mini-batch mean/covariance
kappa_sweep,hb,15,50,5000,256,1000.0,0.01,0.9,0.001,0.5,0.0018432032809620666,0.001834124560618414,Gaussian with exact least-squares mini-batch mean/covariance
kappa_sweep,hb,16,50,5000,256,1000.0,0.01,0.9,0.001,0.5,0.0018501781391665154,0.0017584555457513314,Gaussian with exact least-squares mini-batch mean/covariance
kappa_sweep,hb,17,50,5000,256,1000.0,0.01,0.9,0.001,0.5,0.0018206015787345085,0.0024554284812393725,Gaussian with exact least-squares mini-batch mean/covariance
kappa_sweep,hb,18,50,5000,256,1000.0,0.01,0.9,0.001,0.5,0.0017737623220041954,0.002190882219431069,Gaussian with exact least-squares mini-batch mean/covariance
kappa_sweep,hb,19,50,5000,256,1000.0,0.01,0.9,0.001,0.5,0.001912940341687185,0.0017993706133708957,Gaussian with exact least-squares mini-batch mean/covariance
kappa_sweep,nag,0,50,5000,256,1000.0,0.01,0.9,0.001,0.5,0.0013409538648860477,0.0016346654310355152,Gaussian with exact least-squares mini-batch mean/covariance
kappa_sweep,nag,1,50,5000,256,1000.0,0.01,0.9,0.001,0.5,0.001470657510027383,0.0019369798614109663,Gaussian with exact least-squares mini-batch mean/covariance
kappa_sweep,nag,2,50,5000,256,1000.0,0.01,0.9,0.001,0.5,0.0013322589140409718,0.0012004283371138977,Gaussian with exact least-squares mini-batch mean/covariance
kappa_sweep,nag,3,50,5000,256,1000.0,0.01,0.9,0.001,0.5,0.0013097911452394765,0.0016645468260665743,Gaussian with exact least-squares mini-batch mean/covariance
kappa_sweep,nag,4,50,5000,256,1000.0,0.01,0.9,0.001,0.5,0.0014367290181480912,0.0018315579336269905,Gaussian with exact least-squares mini-batch mean/covariance
kappa_sweep,nag,5,50,5000,256,1000.0,0.01,0.9,0.001,0.5,0.0013228222119963367,0.0025868277063865143,Gaussian with exact least-squares mini-batch mean/covariance
kappa_sweep,nag,6,50,5000,256,1000.0,0.01,0.9,0.001,0.5,0.0013124585318324234,0.0019062654604490295,Gaussian with exact least-squares mini-batch mean/covariance
kappa_sweep,nag,7,50,5000,256,1000.0,0.01,0.9,0.001,0.5,0.0014322018023517986,0.0016500922329260555,Gaussian with exact least-squares mini-batch mean/covariance
kappa_sweep,nag,8,50,5000,256,1000.0,0.01,0.9,0.001,0.5,0.0014168520319513332,0.0012302853720956796,Gaussian with exact least-squares mini-batch mean/covariance
kappa_sweep,nag,9,50,5000,256,1000.0,0.01,0.9,0.001,0.5,0.0014294535131859215,0.0018915617068737357,Gaussian with exact least-squares mini-batch mean/covariance
kappa_sweep,nag,10,50,5000,256,1000.0,0.01,0.9,0.001,0.5,0.0013901921788938719,0.0022866470065569136,Gaussian with exact least-squares mini-batch mean/covariance
kappa_sweep,nag,11,50,5000,256,1000.0,0.01,0.9,0.001,0.5,0.0013453151553888495,0.0013153162019006372,Gaussian with exact least-squares mini-batch mean/covariance
kappa_sweep,nag,12,50,5000,256,1000.0,0.01,0.9,0.001,0.5,0.0013437917986110412,0.0010561013567734628,Gaussian with exact least-squares mini-batch mean/covariance
kappa_sweep,nag,13,50,5000,256,1000.0,0.01,0.9,0.001,0.5,0.001440970077005451,0.0012125645377845115,Gaussian with exact least-squares mini-batch mean/covariance
kappa_sweep,nag,14,50,5000,256,1000.0,0.01,0.9,0.001,0.5,0.0014149691680253411,0.001180249358093655,Gaussian with exact least-squares mini-batch mean/covariance
kappa_sweep,nag,15,50,5000,256,1000.0,0.01,0.9,0.001,0.5,0.0014071642680799795,0.0009950286870913773,Gaussian with exact least-squares mini-batch mean/covariance
kappa_sweep,nag,16,50,5000,256,1000.0,0.01,0.9,0.001,0.5,0.0012735614190730789,0.0012322951531351359,Gaussian with exact least-squares mini-batch mean/covariance
kappa_sweep,nag,17,50,5000,256,1000.0,0.01,0.9,0.001,0.5,0.0013308830886332814,0.001393585161220438,Gaussian with exact least-squares mini-batch mean/covariance
kappa_sweep,nag,18,50,5000,256,1000.0,0.01,0.9,0.001,0.5,0.001349294769750146,0.0014905861903666258,Gaussian with exact least-squares mini-batch mean/covariance
kappa_sweep,nag,19,50,5000,256,1000.0,0.01,0.9,0.001,0.5,0.0014712495166868211,0.0017016630580913236,Gaussian with exact least-squares mini-batch mean/covariance
drift_sweep,sgd,0,50,5000,256,10.0,0.0,0.0,0.1,0.5,0.006649262793102309,0.007362227999980767,Gaussian with exact least-squares mini-batch mean/covariance
drift_sweep,sgd,1,50,5000,256,10.0,0.0,0.0,0.1,0.5,0.006618315594973634,0.006451847859177887,Gaussian with exact least-squares mini-batch mean/covariance
drift_sweep,sgd,2,50,5000,256,10.0,0.0,0.0,0.1,0.5,0.006693633604579354,0.00680517681601704,Gaussian with exact least-squares mini-batch mean/covariance
drift_sweep,sgd,3,50,5000,256,10.0,0.0,0.0,0.1,0.5,0.006553468009540581,0.0073922556622262265,Gaussian with exact least-squares mini-batch mean/covariance
drift_sweep,sgd,4,50,5000,256,10.0,0.0,0.0,0.1,0.5,0.006619520408329879,0.005614715617349944,Gaussian with exact least-squares mini-batch mean/covariance
drift_sweep,sgd,5,50,5000,256,10.0,0.0,0.0,0.1,0.5,0.0066429746138738695,0.00600262611017412,Gaussian with exact least-squares mini-batch mean/covariance
drift_sweep,sgd,6,50,5000,256,10.0,0.0,0.0,0.1,0.5,0.006593149020374605,0.007086885429588112,Gaussian with exact least-squares mini-batch mean/covariance
drift_sweep,sgd,7,50,5000,256,10.0,0.0,0.0,0.1,0.5,0.006640936333122935,0.006351159026830872,Gaussian with exact least-squares mini-batch mean/covariance
drift_sweep,sgd,8,50,5000,256,10.0,0.0,0.0,0.1,0.5,0.006641931641118364,0.006113830893575638,Gaussian with exact least-squares mini-batch mean/covariance
drift_sweep,sgd,9,50,5000,256,10.0,0.0,0.0,0.1,0.5,0.0066777114988174485,0.006535071633868436,Gaussian with exact least-squares mini-batch mean/covariance
drift_sweep,sgd,10,50,5000,256,10.0,0.0,0.0,0.1,0.5,0.0067033982850241355,0.0074269373514694315,Gaussian with exact least-squares mini-batch mean/covariance
drift_sweep,sgd,11,50,5000,256,10.0,0.0,0.0,0.1,0.5,0.006678053012633783,0.005926273307209975,Gaussian with exact least-squares mini-batch mean/covariance
drift_sweep,sgd,12,50,5000,256,10.0,0.0,0.0,0.1,0.5,0.0066426272832209666,0.00787976467286133,Gaussian with exact least-squares mini-batch mean/covariance
drift_sweep,sgd,13,50,5000,256,10.0,0.0,0.0,0.1,0.5,0.006644283570854766,0.006277535925604026,Gaussian with exact least-squares mini-batch mean/covariance
drift_sweep,sgd,14,50,5000,256,10.0,0.0,0.0,0.1,0.5,0.0065312976299935445,0.005431588550019611,Gaussian with exact least-squares mini-batch mean/covariance
drift_sweep,sgd,15,50,5000,256,10.0,0.0,0.0,0.1,0.5,0.006694729917012492,0.005384981646549917,Gaussian with exact least-squares mini-batch mean/covariance
drift_sweep,sgd,16,50,5000,256,10.0,0.0,0.0,0.1,0.5,0.006712485986412449,0.006856268828527985,Gaussian with exact least-squares mini-batch mean/covariance
drift_sweep,sgd,17,50,5000,256,10.0,0.0,0.0,0.1,0.5,0.0066846402446322445,0.004555438271950528,Gaussian with exact least-squares mini-batch mean/covariance
drift_sweep,sgd,18,50,5000,256,10.0,0.0,0.0,0.1,0.5,0.006661999947799909,0.0047512507513220795,Gaussian with exact least-squares mini-batch mean/covariance
drift_sweep,sgd,19,50,5000,256,10.0,0.0,0.0,0.1,0.5,0.006570444129555308,0.006349950463300278,Gaussian with exact least-squares mini-batch mean/covariance
drift_sweep,hb,0,50,5000,256,10.0,0.0,0.9,0.1,0.5,0.10391184361645987,0.09680015739455414,Gaussian with exact least-squares mini-batch mean/covariance
drift_sweep,hb,1,50,5000,256,10.0,0.0,0.9,0.1,0.5,0.10895967460857009,0.09485623820058896,Gaussian with exact least-squares mini-batch mean/covariance
drift_sweep,hb,2,50,5000,256,10.0,0.0,0.9,0.1,0.5,0.10236814183144045,0.08316672823726397,Gaussian with exact least-squares mini-batch mean/covariance
drift_sweep,hb,3,50,5000,256,10.0,0.0,0.9,0.1,0.5,0.106346382569459,0.08418656822954922,Gaussian with exact least-squares mini-batch mean/covariance
drift_sweep,hb,4,50,5000,256,10.0,0.0,0.9,0.1,0.5,0.10049442748381868,0.08449508018355373,Gaussian with exact least-squares mini-batch mean/covariance
drift_sweep,hb,5,50,5000,256,10.0,0.0,0.9,0.1,0.5,0.10424090844263055,0.11974144779094235,Gaussian with exact least-squares mini-batch mean/covariance
drift_sweep,hb,6,50,5000,256,10.0,0.0,0.9,0.1,0.5,0.0995999577873886,0.19094093980278035,Gaussian with exact least-squares mini-batch mean/covariance
drift_sweep,hb,7,50,5000,256,10.0,0.0,0.9,0.1,0.5,0.10241681189336177,0.07972467610978219,Gaussian with exact least-squares mini-batch mean/covariance
drift_sweep,hb,8,50,5000,256,10.0,0.0,0.9,0.1,0.5,0.10397128960538748,0.1318754559673727,Gaussian with exact least-squares mini-batch mean/covariance
drift_sweep,hb,9,50,5000,256,10.0,0.0,0.9,0.1,0.5,0.10299778975345128,0.09959464811016003,Gaussian with exact least-squares mini-batch mean/covariance
drift_sweep,hb,10,50,5000,256,10.0,0.0,0.9,0.1,0.5,0.10337926148634742,0.07078175753131287,Gaussian with exact least-squares mini-batch mean/covariance
drift_sweep,hb,11,50,5000,256,10.0,0.0,0.9,0.1,0.5,0.10516742712976354,0.07353456591887675,Gaussian with exact least-squares mini-batch mean/covariance
drift_sweep,hb,12,50,5000,256,10.0,0.0,0.9,0.1,0.5,0.10163396846296373,0.07073070820364485,Gaussian with exact least-squares mini-batch mean/covariance
drift_sweep,hb,13,50,5000,256,10.0,0.0,0.9,0.1,0.5,0.10074316870419896,0.12858635247718161,Gaussian with exact least-squares mini-batch mean/covariance
drift_sweep,hb,14,50,5000,256,10.0,0.0,0.9,0.1,0.5,0.10616173527540047,0.11175921750889424,Gaussian with exact least-squares mini-batch mean/covariance
drift_sweep,hb,15,50,5000,256,10.0,0.0,0.9,0.1,0.5,0.09921601076845195,0.12583136059968383,Gaussian with exact least-squares mini-batch mean/covariance
drift_sweep,hb,16,50,5000,256,10.0,0.0,0.9,0.1,0.5,0.09808626509597865,0.1023217031693984,Gaussian with exact least-squares mini-batch mean/covariance
drift_sweep,hb,17,50,5000,256,10.0,0.0,0.9,0.1,0.5,0.10559848517324871,0.09929843493190386,Gaussian with exact least-squares mini-batch mean/covariance
drift_sweep,hb,18,50,5000,256,10.0,0.0,0.9,0.1,0.5,0.09974210262916686,0.07351758543430474,Gaussian with exact least-squares mini-batch mean/covariance
drift_sweep,hb,19,50,5000,256,10.0,0.0,0.9,0.1,0.5,0.10647211963331402,0.08746294497046285,Gaussian with exact least-squares mini-batch mean/covariance
drift_sweep,nag,0,50,5000,256,10.0,0.0,0.9,0.1,0.5,0.019935133856688027,0.012072777086091432,Gaussian with exact least-squares mini-batch mean/covariance
drift_sweep,nag,1,50,5000,256,10.0,0.0,0.9,0.1,0.5,0.019954562158572962,0.019965213597304438,Gaussian with exact least-squares mini-batch mean/covariance
drift_sweep,nag,2,50,5000,256,10.0,0.0,0.9,0.1,0.5,0.01975825549776972,0.017626993260590668,Gaussian with exact least-squares mini-batch mean/covariance
drift_sweep,nag,3,50,5000,256,10.0,0.0,0.9,0.1,0.5,0.019429721913959502,0.012547301533619229,Gaussian with exact least-squares mini-batch mean/covariance
drift_sweep,nag,4,50,5000,256,10.0,0.0,0.9,0.1,0.5,0.019720413960306746,0.019192735571376476,Gaussian with exact least-squares mini-batch mean/covariance
drift_sweep,nag,5,50,5000,256,10.0,0.0,0.9,0.1,0.5,0.019490950281028548,0.02009467309199238,Gaussian with exact least-squares mini-batch mean/covariance
drift_sweep,nag,6,50,5000,256,10.0,0.0,0.9,0.1,0.5,0.01989730310818341,0.01877975338681504,Gaussian with exact least-squares mini-batch mean/covariance
drift_sweep,nag,7,50,5000,256,10.0,0.0,0.9,0.1,0.5,0.019825325016527513,0.013231117058706707,Gaussian with exact least-squares mini-batch mean/covariance
drift_sweep,nag,8,50,5000,256,10.0,0.0,0.9,0.1,0.5,0.019847703281630345,0.02220833192303592,Gaussian with exact least-squares mini-batch mean/covariance
drift_sweep,nag,9,50,5000,256,10.0,0.0,0.9,0.1,0.5,0.019421077544745157,0.02380193116730552,Gaussian with exact least-squares mini-batch mean/covariance
drift_sweep,nag,10,50,5000,256,10.0,0.0,0.9,0.1,0.5,0.01979435039369032,0.018411470212211237,Gaussian with exact least-squares mini-batch mean/covariance
drift_sweep,nag,11,50,5000,256,10.0,0.0,0.9,0.1,0.5,0.019752435904399904,0.022422470287624043,Gaussian with exact least-squares mini-batch mean/covariance
drift_sweep,nag,12,50,5000,256,10.0,0.0,0.9,0.1,0.5,0.01981946877158879,0.015485008758467152,Gaussian with exact least-squares mini-batch mean/covariance
drift_sweep,nag,13,50,5000,256,10.0,0.0,0.9,0.1,0.5,0.020013676285287916,0.022411749912837144,Gaussian with exact least-squares mini-batch mean/covariance
drift_sweep,nag,14,50,5000,256,10.0,0.0,0.9,0.1,0.5,0.01980309190575143,0.010727144712840007,Gaussian with exact least-squares mini-batch mean/covariance
drift_sweep,nag,15,50,5000,256,10.0,0.0,0.9,0.1,0.5,0.019831967534987432,0.019763217785144723,Gaussian with exact least-squares mini-batch mean/covariance
drift_sweep,nag,16,50,5000,256,10.0,0.0,0.9,0.1,0.5,0.01961284182364764,0.019640158708830787,Gaussian with exact least-squares mini-batch mean/covariance
drift_sweep,nag,17,50,5000,256,10.0,0.0,0.9,0.1,0.5,0.01977015554391036,0.023056490842231863,Gaussian with exact least-squares mini-batch mean/covariance
drift_sweep,nag,18,50,5000,256,10.0,0.0,0.9,0.1,0.5,0.019917806218905623,0.02649272912444383,Gaussian with exact least-squares mini-batch mean/covariance
drift_sweep,nag,19,50,5000,256,10.0,0.0,0.9,0.1,0.5,0.019889024148947294,0.014325934304447731,Gaussian with exact least-squares mini-batch mean/covariance
drift_sweep,sgd,0,50,5000,256,10.0,0.003,0.0,0.1,0.5,0.006635387980078264,0.007557992030924816,Gaussian with exact least-squares mini-batch mean/covariance
drift_sweep,sgd,1,50,5000,256,10.0,0.003,0.0,0.1,0.5,0.006713945723428725,0.009417428969244454,Gaussian with exact least-squares mini-batch mean/covariance
drift_sweep,sgd,2,50,5000,256,10.0,0.003,0.0,0.1,0.5,0.006674943438347901,0.006627674991227088,Gaussian with exact least-squares mini-batch mean/covariance
drift_sweep,sgd,3,50,5000,256,10.0,0.003,0.0,0.1,0.5,0.006684753817839416,0.00692062827367476,Gaussian with exact least-squares mini-batch mean/covariance
drift_sweep,sgd,4,50,5000,256,10.0,0.003,0.0,0.1,0.5,0.006651371920889277,0.005681385257624631,Gaussian with exact least-squares mini-batch mean/covariance
drift_sweep,sgd,5,50,5000,256,10.0,0.003,0.0,0.1,0.5,0.006718897246404541,0.00689420196058123,Gaussian with exact least-squares mini-batch mean/covariance
drift_sweep,sgd,6,50,5000,256,10.0,0.003,0.0,0.1,0.5,0.0067101749219226885,0.0054456799667245885,Gaussian with exact least-squares mini-batch mean/covariance
drift_sweep,sgd,7,50,5000,256,10.0,0.003,0.0,0.1,0.5,0.006659107568536701,0.0073078375545387025,Gaussian with exact least-squares mini-batch mean/covariance
drift_sweep,sgd,8,50,5000,256,10.0,0.003,0.0,0.1,0.5,0.0066902199698520735,0.006254418214821847,Gaussian with exact least-squares mini-batch mean/covariance
drift_sweep,sgd,9,50,5000,256,10.0,0.003,0.0,0.1,0.5,0.006679181591919679,0.00549906226823207,Gaussian with exact least-squares mini-batch mean/covariance
drift_sweep,sgd,10,50,5000,256,10.0,0.003,0.0,0.1,0.5,0.00660945086991264,0.006856075419560922,Gaussian with exact least-squares mini-batch mean/covariance
drift_sweep,sgd,11,50,5000,256,10.0,0.003,0.0,0.1,0.5,0.006591509847513187,0.006163614447489123,Gaussian with exact least-squares mini-batch mean/covariance
drift_sweep,sgd,12,50,5000,256,10.0,0.003,0.0,0.1,0.5,0.006630986827468736,0.007025119957527352,Gaussian with exact least-squares mini-batch mean/covariance
drift_sweep,sgd,13,50,5000,256,10.0,0.003,0.0,0.1,0.5,0.006625251151215807,0.005744768661691151,Gaussian with exact least-squares mini-batch mean/covariance
drift_sweep,sgd,14,50,5000,256,10.0,0.003,0.0,0.1,0.5,0.006517356328327904,0.004820468650813798,Gaussian with exact least-squares mini-batch mean/covariance
drift_sweep,sgd,15,50,5000,256,10.0,0.003,0.0,0.1,0.5,0.006666688865809083,0.0071468457552965265,Gaussian with exact least-squares mini-batch mean/covariance
drift_sweep,sgd,16,50,5000,256,10.0,0.003,0.0,0.1,0.5,0.006581412463657989,0.007283594591637965,Gaussian with exact least-squares mini-batch mean/covariance
drift_sweep,sgd,17,50,5000,256,10.0,0.003,0.0,0.1,0.5,0.006696097025258996,0.007175512746741767,Gaussian with exact least-squares mini-batch mean/covariance
drift_sweep,sgd,18,50,5000,256,10.0,0.003,0.0,0.1,0.5,0.006610136377340943,0.005443619277886555,Gaussian with exact least-squares mini-batch mean/covariance
drift_sweep,sgd,19,50,5000,256,10.0,0.003,0.0,0.1,0.5,0.006578024806271614,0.00855227751693578,Gaussian with exact least-squares mini-batch mean/covariance
drift_sweep,hb,0,50,5000,256,10.0,0.003,0.9,0.1,0.5,0.1034189222965666,0.11978543276819466,Gaussian with exact least-squares mini-batch mean/covariance
drift_sweep,hb,1,50,5000,256,10.0,0.003,0.9,0.1,0.5,0.10418613436103956,0.09356867492904736,Gaussian with exact least-squares mini-batch mean/covariance
drift_sweep,hb,2,50,5000,256,10.0,0.003,0.9,0.1,0.5,0.09807891933316444,0.04977082585098356,Gaussian with exact least-squares mini-batch mean/covariance
drift_sweep,hb,3,50,5000,256,10.0,0.003,0.9,0.1,0.5,0.10133951844573749,0.11000450226330206,Gaussian with exact least-squares mini-batch mean/covariance
drift_sweep,hb,4,50,5000,256,10.0,0.003,0.9,0.1,0.5,0.10259210246970277,0.08018227931786061,Gaussian with exact least-squares mini-batch mean/covariance
drift_sweep,hb,5,50,5000,256,10.0,0.003,0.9,0.1,0.5,0.10406356393566928,0.15589649030415392,Gaussian with exact least-squares mini-batch mean/covariance
drift_sweep,hb,6,50,5000,256,10.0,0.003,0.9,0.1,0.5,0.09944484230319893,0.1316475869956076,Gaussian with exact least-squares mini-batch mean/covariance
drift_sweep,hb,7,50,5000,256,10.0,0.003,0.9,0.1,0.5,0.10344849596232725,0.08275461718987087,Gaussian with exact least-squares mini-batch mean/covariance
drift_sweep,hb,8,50,5000,256,10.0,0.003,0.9,0.1,0.5,0.10252908137296447,0.11555200752356011,Gaussian with exact least-squares mini-batch mean/covariance
drift_sweep,hb,9,50,5000,256,10.0,0.003,0.9,0.1,0.5,0.09880153806675512,0.09486387294951307,Gaussian with exact least-squares mini-batch mean/covariance
drift_sweep,hb,10,50,5000,256,10.0,0.003,0.9,0.1,0.5,0.09942749699908801,0.10208667327961954,Gaussian with exact least-squares mini-batch mean/covariance
drift_sweep,hb,11,50,5000,256,10.0,0.003,0.9,0.1,0.5,0.10078188546385346,0.0758664288213297,Gaussian with exact least-squares mini-batch mean/covariance
drift_sweep,hb,12,50,5000,256,10.0,0.003,0.9,0.1,0.5,0.10876087227102069,0.0681508732398814,Gaussian with exact least-squares mini-batch mean/covariance
drift_sweep,hb,13,50,5000,256,10.0,0.003,0.9,0.1,0.5,0.10478259645164706,0.16014972004426778,Gaussian with exact least-squares mini-batch mean/covariance
drift_sweep,hb,14,50,5000,256,10.0,0.003,0.9,0.1,0.5,0.10109373429220024,0.07851076158433813,Gaussian with exact least-squares mini-batch mean/covariance
drift_sweep,hb,15,50,5000,256,10.0,0.003,0.9,0.1,0.5,0.10562255295688976,0.12747513407052885,Gaussian with exact least-squares mini-batch mean/covariance
drift_sweep,hb,16,50,5000,256,10.0,0.003,0.9,0.1,0.5,0.10519003970553135,0.06775714469834905,Gaussian with exact least-squares mini-batch mean/covariance
drift_sweep,hb,17,50,5000,256,10.0,0.003,0.9,0.1,0.5,0.10126167110516925,0.13090422659337564,Gaussian with exact least-squares mini-batch mean/covariance
drift_sweep,hb,18,50,5000,256,10.0,0.003,0.9,0.1,0.5,0.1032731998923548,0.0739164831433151,Gaussian with exact least-squares mini-batch mean/covariance
drift_sweep,hb,19,50,5000,256,10.0,0.003,0.9,0.1,0.5,0.10312384050829328,0.08211091176820132,Gaussian with exact least-squares mini-batch mean/covariance
drift_sweep,nag,0,50,5000,256,10.0,0.003,0.9,0.1,0.5,0.020018907892768608,0.020420729253810162,Gaussian with exact least-squares mini-batch mean/covariance
drift_sweep,nag,1,50,5000,256,10.0,0.003,0.9,0.1,0.5,0.01974713139133625,0.01751443347320078,Gaussian with exact least-squares mini-batch mean/covariance
drift_sweep,nag,2,50,5000,256,10.0,0.003,0.9,0.1,0.5,0.019745544192043968,0.02861592130736231,Gaussian with exact least-squares mini-batch mean/covariance
drift_sweep,nag,3,50,5000,256,10.0,0.003,0.9,0.1,0.5,0.020097129866022318,0.01679883047608527,Gaussian with exact least-squares mini-batch mean/covariance
drift_sweep,nag,4,50,5000,256,10.0,0.003,0.9,0.1,0.5,0.01996104092486567,0.011324831449612584,Gaussian with exact least-squares mini-batch mean/covariance
drift_sweep,nag,5,50,5000,256,10.0,0.003,0.9,0.1,0.5,0.019807828771270308,0.015554475088816506,Gaussian with exact least-squares mini-batch mean/covariance
drift_sweep,nag,6,50,5000,256,10.0,0.003,0.9,0.1,0.5,0.019773096327134962,0.01806107838188853,Gaussian with exact least-squares mini-batch mean/covariance
drift_sweep,nag,7,50,5000,256,10.0,0.003,0.9,0.1,0.5,0.01959812765267162,0.010777774778812463,Gaussian with exact least-squares mini-batch mean/covariance
drift_sweep,nag,8,50,5000,256,10.0,0.003,0.9,0.1,0.5,0.020304507891152776,0.025633754813703332,Gaussian with exact least-squares mini-batch mean/covariance
drift_sweep,nag,9,50,5000,256,10.0,0.003,0.9,0.1,0.5,0.019879971406763956,0.019463175734440674,Gaussian with exact least-squares mini-batch mean/covariance
drift_sweep,nag,10,50,5000,256,10.0,0.003,0.9,0.1,0.5,0.01968144884390508,0.0169182164101846,Gaussian with exact least-squares mini-batch mean/covariance
drift_sweep,nag,11,50,5000,256,10.0,0.003,0.9,0.1,0.5,0.019487791549853823,0.020786872699373064,Gaussian with exact least-squares mini-batch mean/covariance
drift_sweep,nag,12,50,5000,256,10.0,0.003,0.9,0.1,0.5,0.019886521488724232,0.019397825291579816,Gaussian with exact least-squares mini-batch mean/covariance
drift_sweep,nag,13,50,5000,256,10.0,0.003,0.9,0.1,0.5,0.019715889445094694,0.01611197046707217,Gaussian with exact least-squares mini-batch mean/covariance
drift_sweep,nag,14,50,5000,256,10.0,0.003,0.9,0.1,0.5,0.020140295441808904,0.02155161788564253,Gaussian with exact least-squares mini-batch mean/covariance
drift_sweep,nag,15,50,5000,256,10.0,0.003,0.9,0.1,0.5,0.020085842343155347,0.020706676689583862,Gaussian with exact least-squares mini-batch mean/covariance
drift_sweep,nag,16,50,5000,256,10.0,0.003,0.9,0.1,0.5,0.019501877645035512,0.019502083119745058,Gaussian with exact least-squares mini-batch mean/covariance
drift_sweep,nag,17,50,5000,256,10.0,0.003,0.9,0.1,0.5,0.019872269266440538,0.01687995069367881,Gaussian with exact least-squares mini-batch mean/covariance
drift_sweep,nag,18,50,5000,256,10.0,0.003,0.9,0.1,0.5,0.019728513099969935,0.02466053108717169,Gaussian with exact least-squares mini-batch mean/covariance
drift_sweep,nag,19,50,5000,256,10.0,0.003,0.9,0.1,0.5,0.01971258541201822,0.022191398294985693,Gaussian with exact least-squares mini-batch mean/covariance
drift_sweep,sgd,0,50,5000,256,10.0,0.01,0.0,0.1,0.5,0.006689559552088728,0.0057584837470801885,Gaussian with exact least-squares mini-batch mean/covariance
drift_sweep,sgd,1,50,5000,256,10.0,0.01,0.0,0.1,0.5,0.00679640800300088,0.007997954141086219,Gaussian with exact least-squares mini-batch mean/covariance
drift_sweep,sgd,2,50,5000,256,10.0,0.01,0.0,0.1,0.5,0.006839548381994834,0.004653796944992338,Gaussian with exact least-squares mini-batch mean/covariance
drift_sweep,sgd,3,50,5000,256,10.0,0.01,0.0,0.1,0.5,0.006829890949709663,0.00576987719137552,Gaussian with exact least-squares mini-batch mean/covariance
drift_sweep,sgd,4,50,5000,256,10.0,0.01,0.0,0.1,0.5,0.0067139572155134,0.009395469535716405,Gaussian with exact least-squares mini-batch mean/covariance
drift_sweep,sgd,5,50,5000,256,10.0,0.01,0.0,0.1,0.5,0.006762660047848347,0.006692252002805112,Gaussian with exact least-squares mini-batch mean/covariance
drift_sweep,sgd,6,50,5000,256,10.0,0.01,0.0,0.1,0.5,0.006822894446239291,0.007685567027122925,Gaussian with exact least-squares mini-batch mean/covariance
drift_sweep,sgd,7,50,5000,256,10.0,0.01,0.0,0.1,0.5,0.006781203567701017,0.010023408057877301,Gaussian with exact least-squares mini-batch mean/covariance
drift_sweep,sgd,8,50,5000,256,10.0,0.01,0.0,0.1,0.5,0.00673579136492508,0.007089017040546357,Gaussian with exact least-squares mini-batch mean/covariance
drift_sweep,sgd,9,50,5000,256,10.0,0.01,0.0,0.1,0.5,0.00674862983677661,0.005751202436137283,Gaussian with exact least-squares mini-batch mean/covariance
drift_sweep,sgd,10,50,5000,256,10.0,0.01,0.0,0.1,0.5,0.0067911626713746355,0.004965723598849195,Gaussian with exact least-squares mini-batch mean/covariance
drift_sweep,sgd,11,50,5000,256,10.0,0.01,0.0,0.1,0.5,0.006752607841364765,0.007393705979248475,Gaussian with exact least-squares mini-batch mean/covariance
drift_sweep,sgd,12,50,5000,256,10.0,0.01,0.0,0.1,0.5,0.006792316581106633,0.006634697163103253,Gaussian with exact least-squares mini-batch mean/covariance
drift_sweep,sgd,13,50,5000,256,10.0,0.01,0.0,0.1,0.5,0.006757240076349373,0.006557225181009888,Gaussian with exact least-squares mini-batch mean/covariance
drift_sweep,sgd,14,50,5000,256,10.0,0.01,0.0,0.1,0.5,0.00673192517642694,0.005169941937067708,Gaussian with exact least-squares mini-batch mean/covariance
drift_sweep,sgd,15,50,5000,256,10.0,0.01,0.0,0.1,0.5,0.00676029568088247,0.00661893757030494,Gaussian with exact least-squares mini-batch mean/covariance
drift_sweep,sgd,16,50,5000,256,10.0,0.01,0.0,0.1,0.5,0.00683997700344264,0.006364838393910529,Gaussian with exact least-squares mini-batch mean/covariance
drift_sweep,sgd,17,50,5000,256,10.0,0.01,0.0,0.1,0.5,0.006850637480789342,0.007270336432593153,Gaussian with exact least-squares mini-batch mean/covariance
drift_sweep,sgd,18,50,5000,256,10.0,0.01,0.0,0.1,0.5,0.006804960259500257,0.009811239841485892,Gaussian with exact least-squares mini-batch mean/covariance
drift_sweep,sgd,19,50,5000,256,10.0,0.01,0.0,0.1,0.5,0.006784166184055418,0.009355573800524136,Gaussian with exact least-squares mini-batch mean/covariance
drift_sweep,hb,0,50,5000,256,10.0,0.01,0.9,0.1,0.5,0.11040236408811636,0.07125747207320515,Gaussian with exact least-squares mini-batch mean/covariance
drift_sweep,hb,1,50,5000,256,10.0,0.01,0.9,0.1,0.5,0.10613261822689203,0.15280686532917306,Gaussian with exact least-squares mini-batch mean/covariance
drift_sweep,hb,2,50,5000,256,10.0,0.01,0.9,0.1,0.5,0.10500718684950298,0.10705911856954337,Gaussian with exact least-squares mini-batch mean/covariance
drift_sweep,hb,3,50,5000,256,10.0,0.01,0.9,0.1,0.5,0.10472212342085839,0.12817607871431522,Gaussian with exact least-squares mini-batch mean/covariance
drift_sweep,hb,4,50,5000,256,10.0,0.01,0.9,0.1,0.5,0.10102363007198943,0.08203571470940829,Gaussian with exact least-squares mini-batch mean/covariance
drift_sweep,hb,5,50,5000,256,10.0,0.01,0.9,0.1,0.5,0.09903509150216276,0.1462017110912282,Gaussian with exact least-squares mini-batch mean/covariance
drift_sweep,hb,6,50,5000,256,10.0,0.01,0.9,0.1,0.5,0.10691964313858048,0.12044748977352837,Gaussian with exact least-squares mini-batch mean/covariance
drift_sweep,hb,7,50,5000,256,10.0,0.01,0.9,0.1,0.5,0.11090042383959901,0.10024027792148119,Gaussian with exact least-squares mini-batch mean/covariance
drift_sweep,hb,8,50,5000,256,10.0,0.01,0.9,0.1,0.5,0.10530679479021161,0.058806943691158076,Gaussian with exact least-squares mini-batch mean/covariance
drift_sweep,hb,9,50,5000,256,10.0,0.01,0.9,0.1,0.5,0.09854503890731009,0.10413730445042484,Gaussian with exact least-squares mini-batch mean/covariance
drift_sweep,hb,10,50,5000,256,10.0,0.01,0.9,0.1,0.5,0.10158687900711542,0.1320309763070354,Gaussian with exact least-squares mini-batch mean/covariance
drift_sweep,hb,11,50,5000,256,10.0,0.01,0.9,0.1,0.5,0.1040746867585541,0.06677351044227825,Gaussian with exact least-squares mini-batch mean/covariance
drift_sweep,hb,12,50,5000,256,10.0,0.01,0.9,0.1,0.5,0.10190588402998084,0.11227163942046964,Gaussian with exact least-squares mini-batch mean/covariance
drift_sweep,hb,13,50,5000,256,10.0,0.01,0.9,0.1,0.5,0.10607947080024877,0.11839867230359147,Gaussian with exact least-squares mini-batch mean/covariance
drift_sweep,hb,14,50,5000,256,10.0,0.01,0.9,0.1,0.5,0.10568205307514514,0.0659271503969322,Gaussian with exact least-squares mini-batch mean/covariance
drift_sweep,hb,15,50,5000,256,10.0,0.01,0.9,0.1,0.5,0.10021284512791125,0.07837817816001362,Gaussian with exact least-squares mini-batch mean/covariance
drift_sweep,hb,16,50,5000,256,10.0,0.01,0.9,0.1,0.5,0.10200015611325462,0.07147582708900578,Gaussian with exact least-squares mini-batch mean/covariance
drift_sweep,hb,17,50,5000,256,10.0,0.01,0.9,0.1,0.5,0.10249021870877914,0.12050964147023967,Gaussian with exact least-squares mini-batch mean/covariance
drift_sweep,hb,18,50,5000,256,10.0,0.01,0.9,0.1,0.5,0.1049574230002675,0.07757927796386506,Gaussian with exact least-squares mini-batch mean/covariance
drift_sweep,hb,19,50,5000,256,10.0,0.01,0.9,0.1,0.5,0.10425452064793017,0.10136494602216209,Gaussian with exact least-squares mini-batch mean/covariance
drift_sweep,nag,0,50,5000,256,10.0,0.01,0.9,0.1,0.5,0.019999641244008416,0.025883682709753573,Gaussian with exact least-squares mini-batch mean/covariance
drift_sweep,nag,1,50,5000,256,10.0,0.01,0.9,0.1,0.5,0.01976704098903134,0.021211703737005556,Gaussian with exact least-squares mini-batch mean/covariance
drift_sweep,nag,2,50,5000,256,10.0,0.01,0.9,0.1,0.5,0.019882118911989308,0.020027179840479026,Gaussian with exact least-squares mini-batch mean/covariance
drift_sweep,nag,3,50,5000,256,10.0,0.01,0.9,0.1,0.5,0.02003338988387456,0.012010773370786376,Gaussian with exact least-squares mini-batch mean/covariance
drift_sweep,nag,4,50,5000,256,10.0,0.01,0.9,0.1,0.5,0.019763266547321752,0.022672543208924218,Gaussian with exact least-squares mini-batch mean/covariance
drift_sweep,nag,5,50,5000,256,10.0,0.01,0.9,0.1,0.5,0.019929553894763655,0.015594754436512875,Gaussian with exact least-squares mini-batch mean/covariance
drift_sweep,nag,6,50,5000,256,10.0,0.01,0.9,0.1,0.5,0.020232365657536014,0.026051671735304125,Gaussian with exact least-squares mini-batch mean/covariance
drift_sweep,nag,7,50,5000,256,10.0,0.01,0.9,0.1,0.5,0.02010648330810674,0.020224902599286134,Gaussian with exact least-squares mini-batch mean/covariance
drift_sweep,nag,8,50,5000,256,10.0,0.01,0.9,0.1,0.5,0.019937803111827575,0.022626713989247108,Gaussian with exact least-squares mini-batch mean/covariance
drift_sweep,nag,9,50,5000,256,10.0,0.01,0.9,0.1,0.5,0.020008500783245897,0.01516738259426984,Gaussian with exact least-squares mini-batch mean/covariance
drift_sweep,nag,10,50,5000,256,10.0,0.01,0.9,0.1,0.5,0.019862377319385473,0.019221540519803522,Gaussian with exact least-squares mini-batch mean/covariance
drift_sweep,nag,11,50,5000,256,10.0,0.01,0.9,0.1,0.5,0.020238269153324294,0.02414090962376714,Gaussian with exact least-squares mini-batch mean/covariance
drift_sweep,nag,12,50,5000,256,10.0,0.01,0.9,0.1,0.5,0.019874741356025263,0.02485219640089314,Gaussian with exact least-squares mini-batch mean/covariance
drift_sweep,nag,13,50,5000,256,10.0,0.01,0.9,0.1,0.5,0.020139728720664645,0.02419137445605328,Gaussian with exact least-squares mini-batch mean/covariance
drift_sweep,nag,14,50,5000,256,10.0,0.01,0.9,0.1,0.5,0.01996379462618689,0.019310836349067665,Gaussian with exact least-squares mini-batch mean/covariance
drift_sweep,nag,15,50,5000,256,10.0,0.01,0.9,0.1,0.5,0.019955571269309087,0.025698432797422028,Gaussian with exact least-squares mini-batch mean/covariance
drift_sweep,nag,16,50,5000,256,10.0,0.01,0.9,0.1,0.5,0.019913285621135653,0.020533697741835617,Gaussian with exact least-squares mini-batch mean/covariance
drift_sweep,nag,17,50,5000,256,10.0,0.01,0.9,0.1,0.5,0.020027324470644373,0.016956548590163434,Gaussian with exact least-squares mini-batch mean/covariance
drift_sweep,nag,18,50,5000,256,10.0,0.01,0.9,0.1,0.5,0.01989963849597236,0.020071561134065077,Gaussian with exact least-squares mini-batch mean/covariance
drift_sweep,nag,19,50,5000,256,10.0,0.01,0.9,0.1,0.5,0.020017497826722384,0.01689419117908352,Gaussian with exact least-squares mini-batch mean/covariance
drift_sweep,sgd,0,50,5000,256,10.0,0.03,0.0,0.1,0.5,0.007844033408286405,0.00808414934540042,Gaussian with exact least-squares mini-batch mean/covariance
drift_sweep,sgd,1,50,5000,256,10.0,0.03,0.0,0.1,0.5,0.00790530911585875,0.008189864762013674,Gaussian with exact least-squares mini-batch mean/covariance
drift_sweep,sgd,2,50,5000,256,10.0,0.03,0.0,0.1,0.5,0.007854178858584,0.00580841227850521,Gaussian with exact least-squares mini-batch mean/covariance
drift_sweep,sgd,3,50,5000,256,10.0,0.03,0.0,0.1,0.5,0.007872590609390294,0.00824449651520259,Gaussian with exact least-squares mini-batch mean/covariance
drift_sweep,sgd,4,50,5000,256,10.0,0.03,0.0,0.1,0.5,0.007816788562182927,0.004387904946099949,Gaussian with exact least-squares mini-batch mean/covariance
drift_sweep,sgd,5,50,5000,256,10.0,0.03,0.0,0.1,0.5,0.007929777070714817,0.007987259045691192,Gaussian with exact least-squares mini-batch mean/covariance
drift_sweep,sgd,6,50,5000,256,10.0,0.03,0.0,0.1,0.5,0.007887597610249427,0.006679792212192521,Gaussian with exact least-squares mini-batch mean/covariance
drift_sweep,sgd,7,50,5000,256,10.0,0.03,0.0,0.1,0.5,0.007772618467677171,0.008636696167451274,Gaussian with exact least-squares mini-batch mean/covariance
drift_sweep,sgd,8,50,5000,256,10.0,0.03,0.0,0.1,0.5,0.007781772069475223,0.00829893012859987,Gaussian with exact least-squares mini-batch mean/covariance
drift_sweep,sgd,9,50,5000,256,10.0,0.03,0.0,0.1,0.5,0.007853087528427763,0.007635387553795348,Gaussian with exact least-squares mini-batch mean/covariance
drift_sweep,sgd,10,50,5000,256,10.0,0.03,0.0,0.1,0.5,0.00791254608835694,0.008162011906514478,Gaussian with exact least-squares mini-batch mean/covariance
drift_sweep,sgd,11,50,5000,256,10.0,0.03,0.0,0.1,0.5,0.007919612618103825,0.009150073871081972,Gaussian with exact least-squares mini-batch mean/covariance
drift_sweep,sgd,12,50,5000,256,10.0,0.03,0.0,0.1,0.5,0.007844469419761664,0.0072674659822941235,Gaussian with exact least-squares mini-batch mean/covariance
drift_sweep,sgd,13,50,5000,256,10.0,0.03,0.0,0.1,0.5,0.00791760230951598,0.008372737357951875,Gaussian with exact least-squares mini-batch mean/covariance
drift_sweep,sgd,14,50,5000,256,10.0,0.03,0.0,0.1,0.5,0.007912374469514084,0.007225423602750156,Gaussian with exact least-squares mini-batch mean/covariance
drift_sweep,sgd,15,50,5000,256,10.0,0.03,0.0,0.1,0.5,0.00781415046156194,0.006766163409012861,Gaussian with exact least-squares mini-batch mean/covariance
drift_sweep,sgd,16,50,5000,256,10.0,0.03,0.0,0.1,0.5,0.007972147891481256,0.00651387515014192,Gaussian with exact least-squares mini-batch mean/covariance
drift_sweep,sgd,17,50,5000,256,10.0,0.03,0.0,0.1,0.5,0.007974464635608506,0.009001555913039702,Gaussian with exact least-squares mini-batch mean/covariance
drift_sweep,sgd,18,50,5000,256,10.0,0.03,0.0,0.1,0.5,0.007941520782963124,0.007132111496413299,Gaussian with exact least-squares mini-batch mean/covariance
drift_sweep,sgd,19,50,5000,256,10.0,0.03,0.0,0.1,0.5,0.007887430943652757,0.00788120544391354,Gaussian with exact least-squares mini-batch mean/covariance
drift_sweep,hb,0,50,5000,256,10.0,0.03,0.9,0.1,0.5,0.10980791953811524,0.14153009163969177,Gaussian with exact least-squares mini-batch mean/covariance
drift_sweep,hb,1,50,5000,256,10.0,0.03,0.9,0.1,0.5,0.10635797595404609,0.12709210982473146,Gaussian with exact least-squares mini-batch mean/covariance
drift_sweep,hb,2,50,5000,256,10.0,0.03,0.9,0.1,0.5,0.11393062689064552,0.16987921393826,Gaussian with exact least-squares mini-batch mean/covariance
drift_sweep,hb,3,50,5000,256,10.0,0.03,0.9,0.1,0.5,0.11068332130632054,0.13202993324680531,Gaussian with exact least-squares mini-batch mean/covariance
drift_sweep,hb,4,50,5000,256,10.0,0.03,0.9,0.1,0.5,0.10554404137917181,0.07341517716082609,Gaussian with exact least-squares mini-batch mean/covariance
drift_sweep,hb,5,50,5000,256,10.0,0.03,0.9,0.1,0.5,0.11024217400577223,0.09560398496450945,Gaussian with exact least-squares mini-batch mean/covariance
drift_sweep,hb,6,50,5000,256,10.0,0.03,0.9,0.1,0.5,0.11328098960964142,0.11507092578648781,Gaussian with exact least-squares mini-batch mean/covariance
drift_sweep,hb,7,50,5000,256,10.0,0.03,0.9,0.1,0.5,0.10944521768083498,0.078823652351034,Gaussian with exact least-squares mini-batch mean/covariance
drift_sweep,hb,8,50,5000,256,10.0,0.03,0.9,0.1,0.5,0.11308397966454053,0.07167302248419216,Gaussian with exact least-squares mini-batch mean/covariance
drift_sweep,hb,9,50,5000,256,10.0,0.03,0.9,0.1,0.5,0.10727571513531191,0.09684163861934048,Gaussian with exact least-squares mini-batch mean/covariance
drift_sweep,hb,10,50,5000,256,10.0,0.03,0.9,0.1,0.5,0.11151105666225843,0.1233686276447625,Gaussian with exact least-squares mini-batch mean/covariance
drift_sweep,hb,11,50,5000,256,10.0,0.03,0.9,0.1,0.5,0.1047796673253824,0.07558812558258933,Gaussian with exact least-squares mini-batch mean/covariance
drift_sweep,hb,12,50,5000,256,10.0,0.03,0.9,0.1,0.5,0.10811507912593254,0.10480337216466977,Gaussian with exact least-squares mini-batch mean/covariance
drift_sweep,hb,13,50,5000,256,10.0,0.03,0.9,0.1,0.5,0.11140627010756385,0.15372921354700064,Gaussian with exact least-squares mini-batch mean/covariance
drift_sweep,hb,14,50,5000,256,10.0,0.03,0.9,0.1,0.5,0.10885245510660016,0.09026603559363645,Gaussian with exact least-squares mini-batch mean/covariance
drift_sweep,hb,15,50,5000,256,10.0,0.03,0.9,0.1,0.5,0.11307250941246866,0.08925885497262943,Gaussian with exact least-squares mini-batch mean/covariance
drift_sweep,hb,16,50,5000,256,10.0,0.03,0.9,0.1,0.5,0.11493076543563462,0.10315268907670637,Gaussian with exact least-squares mini-batch mean/covariance
drift_sweep,hb,17,50,5000,256,10.0,0.03,0.9,0.1,0.5,0.10584739216837086,0.10179277339203899,Gaussian with exact least-squares mini-batch mean/covariance
drift_sweep,hb,18,50,5000,256,10.0,0.03,0.9,0.1,0.5,0.10524093282550374,0.05311751670602984,Gaussian with exact least-squares mini-batch mean/covariance
drift_sweep,hb,19,50,5000,256,10.0,0.03,0.9,0.1,0.5,0.10864048048269702,0.107655555538085,Gaussian with exact least-squares mini-batch mean/covariance
drift_sweep,nag,0,50,5000,256,10.0,0.03,0.9,0.1,0.5,0.02079129705005029,0.03180984225057553,Gaussian with exact least-squares mini-batch mean/covariance
drift_sweep,nag,1,50,5000,256,10.0,0.03,0.9,0.1,0.5,0.020747949112095158,0.017662017415765806,Gaussian with exact least-squares mini-batch mean/covariance
drift_sweep,nag,2,50,5000,256,10.0,0.03,0.9,0.1,0.5,0.02111788751331644,0.020381006410051347,Gaussian with exact least-squares mini-batch mean/covariance
drift_sweep,nag,3,50,5000,256,10.0,0.03,0.9,0.1,0.5,0.020779062782594535,0.025975778972205692,Gaussian with exact least-squares mini-batch mean/covariance
drift_sweep,nag,4,50,5000,256,10.0,0.03,0.9,0.1,0.5,0.020512852750289908,0.022426679887732223,Gaussian with exact least-squares mini-batch mean/covariance
drift_sweep,nag,5,50,5000,256,10.0,0.03,0.9,0.1,0.5,0.020783655624677006,0.02599992393933644,Gaussian with exact least-squares mini-batch mean/covariance
drift_sweep,nag,6,50,5000,256,10.0,0.03,0.9,0.1,0.5,0.020926177792991454,0.011312660717934743,Gaussian with exact least-squares mini-batch mean/covariance
drift_sweep,nag,7,50,5000,256,10.0,0.03,0.9,0.1,0.5,0.021038161902472177,0.016639947323624765,Gaussian with exact least-squares mini-batch mean/covariance
drift_sweep,nag,8,50,5000,256,10.0,0.03,0.9,0.1,0.5,0.020842537700409235,0.020047838701849473,Gaussian with exact least-squares mini-batch mean/covariance
drift_sweep,nag,9,50,5000,256,10.0,0.03,0.9,0.1,0.5,0.020852579323351376,0.020009680893450964,Gaussian with exact least-squares mini-batch mean/covariance
drift_sweep,nag,10,50,5000,256,10.0,0.03,0.9,0.1,0.5,0.020888303454276384,0.01660809118135582,Gaussian with exact least-squares mini-batch mean/covariance
drift_sweep,nag,11,50,5000,256,10.0,0.03,0.9,0.1,0.5,0.020679134774617025,0.02136258618209262,Gaussian with exact least-squares mini-batch mean/covariance
drift_sweep,nag,12,50,5000,256,10.0,0.03,0.9,0.1,0.5,0.02108895945197637,0.02785909940668762,Gaussian with exact least-squares mini-batch mean/covariance
drift_sweep,nag,13,50,5000,256,10.0,0.03,0.9,0.1,0.5,0.02062245938411976,0.01620989744950948,Gaussian with exact least-squares mini-batch mean/covariance
drift_sweep,nag,14,50,5000,256,10.0,0.03,0.9,0.1,0.5,0.020792381260264697,0.019988181225594263,Gaussian with exact least-squares mini-batch mean/covariance
drift_sweep,nag,15,50,5000,256,10.0,0.03,0.9,0.1,0.5,0.020615863264476845,0.02554934757865219,Gaussian with exact least-squares mini-batch mean/covariance
drift_sweep,nag,16,50,5000,256,10.0,0.03,0.9,0.1,0.5,0.02072871269177034,0.020600997213339526,Gaussian with exact least-squares mini-batch mean/covariance
drift_sweep,nag,17,50,5000,256,10.0,0.03,0.9,0.1,0.5,0.020713641320968472,0.02212354666642145,Gaussian with exact least-squares mini-batch mean/covariance
drift_sweep,nag,18,50,5000,256,10.0,0.03,0.9,0.1,0.5,0.02088429501301366,0.022501024629908353,Gaussian with exact least-squares mini-batch mean/covariance
drift_sweep,nag,19,50,5000,256,10.0,0.03,0.9,0.1,0.5,0.021143424007368697,0.023235385823869702,Gaussian with exact least-squares mini-batch mean/covariance
drift_sweep,sgd,0,50,5000,256,10.0,0.1,0.0,0.1,0.5,0.02016272315689535,0.012974465114802733,Gaussian with exact least-squares mini-batch mean/covariance
drift_sweep,sgd,1,50,5000,256,10.0,0.1,0.0,0.1,0.5,0.020395063117481273,0.0162571631370328,Gaussian with exact least-squares mini-batch mean/covariance
drift_sweep,sgd,2,50,5000,256,10.0,0.1,0.0,0.1,0.5,0.01997476845604487,0.019790421346582737,Gaussian with exact least-squares mini-batch mean/covariance
drift_sweep,sgd,3,50,5000,256,10.0,0.1,0.0,0.1,0.5,0.020439647926250963,0.022545659442753233,Gaussian with exact least-squares mini-batch mean/covariance
drift_sweep,sgd,4,50,5000,256,10.0,0.1,0.0,0.1,0.5,0.020145185971306167,0.02033900772177426,Gaussian with exact least-squares mini-batch mean/covariance
drift_sweep,sgd,5,50,5000,256,10.0,0.1,0.0,0.1,0.5,0.020635325699501855,0.020599068756699965,Gaussian with exact least-squares mini-batch mean/covariance
drift_sweep,sgd,6,50,5000,256,10.0,0.1,0.0,0.1,0.5,0.0206902311413764,0.025488209347504228,Gaussian with exact least-squares mini-batch mean/covariance
drift_sweep,sgd,7,50,5000,256,10.0,0.1,0.0,0.1,0.5,0.02029609906473281,0.01712890409505642,Gaussian with exact least-squares mini-batch mean/covariance
drift_sweep,sgd,8,50,5000,256,10.0,0.1,0.0,0.1,0.5,0.02014449133910191,0.015773600532951983,Gaussian with exact least-squares mini-batch mean/covariance
drift_sweep,sgd,9,50,5000,256,10.0,0.1,0.0,0.1,0.5,0.020402008046423864,0.025349771240031127,Gaussian with exact least-squares mini-batch mean/covariance
drift_sweep,sgd,10,50,5000,256,10.0,0.1,0.0,0.1,0.5,0.020685087332816498,0.026695343229966622,Gaussian with exact least-squares mini-batch mean/covariance
drift_sweep,sgd,11,50,5000,256,10.0,0.1,0.0,0.1,0.5,0.02086621881266593,0.020013868368607034,Gaussian with exact least-squares mini-batch mean/covariance
drift_sweep,sgd,12,50,5000,256,10.0,0.1,0.0,0.1,0.5,0.020249993545649433,0.013837965713990841,Gaussian with exact least-squares mini-batch mean/covariance
drift_sweep,sgd,13,50,5000,256,10.0,0.1,0.0,0.1,0.5,0.02050327360476178,0.01411625454316816,Gaussian with exact least-squares mini-batch mean/covariance
drift_sweep,sgd,14,50,5000,256,10.0,0.1,0.0,0.1,0.5,0.020550459515521306,0.02765997741344407,Gaussian with exact least-squares mini-batch mean/covariance
drift_sweep,sgd,15,50,5000,256,10.0,0.1,0.0,0.1,0.5,0.020292832900631608,0.02594620556109183,Gaussian with exact least-squares mini-batch mean/covariance
drift_sweep,sgd,16,50,5000,256,10.0,0.1,0.0,0.1,0.5,0.02022690714256104,0.02194794899472298,Gaussian with exact least-squares mini-batch mean/covariance
drift_sweep,sgd,17,50,5000,256,10.0,0.1,0.0,0.1,0.5,0.020531804813074973,0.022003152098994578,Gaussian with exact least-squares mini-batch mean/covariance
drift_sweep,sgd,18,50,5000,256,10.0,0.1,0.0,0.1,0.5,0.020577582127452816,0.023701340049343617,Gaussian with exact least-squares mini-batch mean/covariance
drift_sweep,sgd,19,50,5000,256,10.0,0.1,0.0,0.1,0.5,0.020528253445671767,0.025849423392930778,Gaussian with exact least-squares mini-batch mean/covariance
drift_sweep,hb,0,50,5000,256,10.0,0.1,0.9,0.1,0.5,0.19874005068190084,0.11480404005166164,Gaussian with exact least-squares mini-batch mean/covariance
drift_sweep,hb,1,50,5000,256,10.0,0.1,0.9,0.1,0.5,0.19389232782594584,0.22675075104354556,Gaussian with exact least-squares mini-batch mean/covariance
drift_sweep,hb,2,50,5000,256,10.0,0.1,0.9,0.1,0.5,0.19240166605805414,0.21363996509793926,Gaussian with exact least-squares mini-batch mean/covariance
drift_sweep,hb,3,50,5000,256,10.0,0.1,0.9,0.1,0.5,0.20130213576970368,0.21793141432030036,Gaussian with exact least-squares mini-batch mean/covariance
drift_sweep,hb,4,50,5000,256,10.0,0.1,0.9,0.1,0.5,0.2012226894376149,0.15270633157048646,Gaussian with exact least-squares mini-batch mean/covariance
drift_sweep,hb,5,50,5000,256,10.0,0.1,0.9,0.1,0.5,0.19811872561730318,0.1226992304247423,Gaussian with exact least-squares mini-batch mean/covariance
drift_sweep,hb,6,50,5000,256,10.0,0.1,0.9,0.1,0.5,0.2017733158070179,0.1802552999355313,Gaussian with exact least-squares mini-batch mean/covariance
drift_sweep,hb,7,50,5000,256,10.0,0.1,0.9,0.1,0.5,0.1939934181331726,0.15544754823148835,Gaussian with exact least-squares mini-batch mean/covariance
drift_sweep,hb,8,50,5000,256,10.0,0.1,0.9,0.1,0.5,0.1976334570908506,0.25116452748913276,Gaussian with exact least-squares mini-batch mean/covariance
drift_sweep,hb,9,50,5000,256,10.0,0.1,0.9,0.1,0.5,0.19687083992588802,0.11816710414349935,Gaussian with exact least-squares mini-batch mean/covariance
drift_sweep,hb,10,50,5000,256,10.0,0.1,0.9,0.1,0.5,0.20334739309770075,0.11890982735001793,Gaussian with exact least-squares mini-batch mean/covariance
drift_sweep,hb,11,50,5000,256,10.0,0.1,0.9,0.1,0.5,0.18849786407356547,0.24639839069765848,Gaussian with exact least-squares mini-batch mean/covariance
drift_sweep,hb,12,50,5000,256,10.0,0.1,0.9,0.1,0.5,0.20002474754469923,0.14468026160163477,Gaussian with exact least-squares mini-batch mean/covariance
drift_sweep,hb,13,50,5000,256,10.0,0.1,0.9,0.1,0.5,0.1894321186748537,0.250044727635811,Gaussian with exact least-squares mini-batch mean/covariance
drift_sweep,hb,14,50,5000,256,10.0,0.1,0.9,0.1,0.5,0.20079497633787613,0.16966831295116408,Gaussian with exact least-squares mini-batch mean/covariance
drift_sweep,hb,15,50,5000,256,10.0,0.1,0.9,0.1,0.5,0.1966897042002219,0.1856344307869199,Gaussian with exact least-squares mini-batch mean/covariance
drift_sweep,hb,16,50,5000,256,10.0,0.1,0.9,0.1,0.5,0.19954457883762233,0.27413733086465314,Gaussian with exact least-squares mini-batch mean/covariance
drift_sweep,hb,17,50,5000,256,10.0,0.1,0.9,0.1,0.5,0.19652338469350566,0.24764219091456247,Gaussian with exact least-squares mini-batch mean/covariance
drift_sweep,hb,18,50,5000,256,10.0,0.1,0.9,0.1,0.5,0.19546925448933747,0.1369143587252208,Gaussian with exact least-squares mini-batch mean/covariance
drift_sweep,hb,19,50,5000,256,10.0,0.1,0.9,0.1,0.5,0.19277535175188035,0.11956250909656815,Gaussian with exact least-squares mini-batch mean/covariance
drift_sweep,nag,0,50,5000,256,10.0,0.1,0.9,0.1,0.5,0.03150871502065484,0.02423964387594219,Gaussian with exact least-squares mini-batch mean/covariance
drift_sweep,nag,1,50,5000,256,10.0,0.1,0.9,0.1,0.5,0.031418106765837894,0.015902474317160235,Gaussian with exact least-squares mini-batch mean/covariance
drift_sweep,nag,2,50,5000,256,10.0,0.1,0.9,0.1,0.5,0.03176112005511713,0.03786129070353069,Gaussian with exact least-squares mini-batch mean/covariance
drift_sweep,nag,3,50,5000,256,10.0,0.1,0.9,0.1,0.5,0.03145338881952548,0.03955033667682327,Gaussian with exact least-squares mini-batch mean/covariance
drift_sweep,nag,4,50,5000,256,10.0,0.1,0.9,0.1,0.5,0.0315688057452348,0.021827797278411946,Gaussian with exact least-squares mini-batch mean/covariance
drift_sweep,nag,5,50,5000,256,10.0,0.1,0.9,0.1,0.5,0.03155079248133931,0.031479685221960804,Gaussian with exact least-squares mini-batch mean/covariance
drift_sweep,nag,6,50,5000,256,10.0,0.1,0.9,0.1,0.5,0.03088910082175201,0.02784132837100469,Gaussian with exact least-squares mini-batch mean/covariance
drift_sweep,nag,7,50,5000,256,10.0,0.1,0.9,0.1,0.5,0.032154628530679526,0.03985990905377805,Gaussian with exact least-squares mini-batch mean/covariance
drift_sweep,nag,8,50,5000,256,10.0,0.1,0.9,0.1,0.5,0.03106637346860851,0.036315580632897304,Gaussian with exact least-squares mini-batch mean/covariance
drift_sweep,nag,9,50,5000,256,10.0,0.1,0.9,0.1,0.5,0.0317346649350894,0.02505971785038873,Gaussian with exact least-squares mini-batch mean/covariance
drift_sweep,nag,10,50,5000,256,10.0,0.1,0.9,0.1,0.5,0.03096619271927121,0.035631627604886716,Gaussian with exact least-squares mini-batch mean/covariance
drift_sweep,nag,11,50,5000,256,10.0,0.1,0.9,0.1,0.5,0.03141726051940677,0.027585686638190384,Gaussian with exact least-squares mini-batch mean/covariance
drift_sweep,nag,12,50,5000,256,10.0,0.1,0.9,0.1,0.5,0.03145933695191079,0.037182191604196495,Gaussian with exact least-squares mini-batch mean/covariance
drift_sweep,nag,13,50,5000,256,10.0,0.1,0.9,0.1,0.5,0.03174099245320561,0.03739854089670565,Gaussian with exact least-squares mini-batch mean/covariance
drift_sweep,nag,14,50,5000,256,10.0,0.1,0.9,0.1,0.5,0.031535106361617375,0.03875761722424673,Gaussian with exact least-squares mini-batch mean/covariance
drift_sweep,nag,15,50,5000,256,10.0,0.1,0.9,0.1,0.5,0.03174228236440991,0.03251330676165385,Gaussian with exact least-squares mini-batch mean/covariance
drift_sweep,nag,16,50,5000,256,10.0,0.1,0.9,0.1,0.5,0.03161136512457777,0.032949706058666865,Gaussian with exact least-squares mini-batch mean/covariance
drift_sweep,nag,17,50,5000,256,10.0,0.1,0.9,0.1,0.5,0.03149269743206443,0.02605273916057321,Gaussian with exact least-squares mini-batch mean/covariance
drift_sweep,nag,18,50,5000,256,10.0,0.1,0.9,0.1,0.5,0.03234597385160696,0.026678203311434175,Gaussian with exact least-squares mini-batch mean/covariance
drift_sweep,nag,19,50,5000,256,10.0,0.1,0.9,0.1,0.5,0.031164609792929236,0.03132485784893968,Gaussian with exact least-squares mini-batch mean/covariance
beta_sweep,sgd,0,50,5000,256,10.0,0.01,0.0,0.1,0.5,0.006698094105422869,0.009979466587624088,Gaussian with exact least-squares mini-batch mean/covariance
beta_sweep,sgd,1,50,5000,256,10.0,0.01,0.0,0.1,0.5,0.006770766433199334,0.005425693321741579,Gaussian with exact least-squares mini-batch mean/covariance
beta_sweep,sgd,2,50,5000,256,10.0,0.01,0.0,0.1,0.5,0.0067386858497336275,0.00823373961961282,Gaussian with exact least-squares mini-batch mean/covariance
beta_sweep,sgd,3,50,5000,256,10.0,0.01,0.0,0.1,0.5,0.0068461406723156005,0.006946344326305999,Gaussian with exact least-squares mini-batch mean/covariance
beta_sweep,sgd,4,50,5000,256,10.0,0.01,0.0,0.1,0.5,0.006843750269942095,0.008457757352012114,Gaussian with exact least-squares mini-batch mean/covariance
beta_sweep,sgd,5,50,5000,256,10.0,0.01,0.0,0.1,0.5,0.00679514563203139,0.009625214538034436,Gaussian with exact least-squares mini-batch mean/covariance
beta_sweep,sgd,6,50,5000,256,10.0,0.01,0.0,0.1,0.5,0.006800003101533076,0.005138086258814055,Gaussian with exact least-squares mini-batch mean/covariance
beta_sweep,sgd,7,50,5000,256,10.0,0.01,0.0,0.1,0.5,0.0068028722675258025,0.00968872633712427,Gaussian with exact least-squares mini-batch mean/covariance
beta_sweep,sgd,8,50,5000,256,10.0,0.01,0.0,0.1,0.5,0.006765950668795733,0.005517086022291934,Gaussian with exact least-squares mini-batch mean/covariance
beta_sweep,sgd,9,50,5000,256,10.0,0.01,0.0,0.1,0.5,0.00677491527863025,0.007434415212400415,Gaussian with exact least-squares mini-batch mean/covariance
beta_sweep,sgd,10,50,5000,256,10.0,0.01,0.0,0.1,0.5,0.006744631549093424,0.00588527131971357,Gaussian with exact least-squares mini-batch mean/covariance
beta_sweep,sgd,11,50,5000,256,10.0,0.01,0.0,0.1,0.5,0.006779884036027048,0.007376486391036691,Gaussian with exact least-squares mini-batch mean/covariance
beta_sweep,sgd,12,50,5000,256,10.0,0.01,0.0,0.1,0.5,0.006874894753650248,0.006011059377263269,Gaussian with exact least-squares mini-batch mean/covariance
beta_sweep,sgd,13,50,5000,256,10.0,0.01,0.0,0.1,0.5,0.006779062295675402,0.005190292379372307,Gaussian with exact least-squares mini-batch mean/covariance
beta_sweep,sgd,14,50,5000,256,10.0,0.01,0.0,0.1,0.5,0.0067943796706014465,0.007051558911456217,Gaussian with exact least-squares mini-batch mean/covariance
beta_sweep,sgd,15,50,5000,256,10.0,0.01,0.0,0.1,0.5,0.0067403775519482975,0.006761308278486908,Gaussian with exact least-squares mini-batch mean/covariance
beta_sweep,sgd,16,50,5000,256,10.0,0.01,0.0,0.1,0.5,0.006770188028875733,0.007768466641840579,Gaussian with exact least-squares mini-batch mean/covariance
beta_sweep,sgd,17,50,5000,256,10.0,0.01,0.0,0.1,0.5,0.006814281388173123,0.004075135102892625,Gaussian with exact least-squares mini-batch mean/covariance
beta_sweep,sgd,18,50,5000,256,10.0,0.01,0.0,0.1,0.5,0.0068246934236817795,0.005755971876687635,Gaussian with exact least-squares mini-batch mean/covariance
beta_sweep,sgd,19,50,5000,256,10.0,0.01,0.0,0.1,0.5,0.006774346381173298,0.006679278122353287,Gaussian with exact least-squares mini-batch mean/covariance
beta_sweep,hb,0,50,5000,256,10.0,0.01,0.0,0.1,0.5,0.006645700265337638,0.005581639123539152,Gaussian with exact least-squares mini-batch mean/covariance
beta_sweep,hb,1,50,5000,256,10.0,0.01,0.0,0.1,0.5,0.0068284940304539875,0.00899901279130601,Gaussian with exact least-squares mini-batch mean/covariance
beta_sweep,hb,2,50,5000,256,10.0,0.01,0.0,0.1,0.5,0.006762136589599929,0.00861692184457446,Gaussian with exact least-squares mini-batch mean/covariance
beta_sweep,hb,3,50,5000,256,10.0,0.01,0.0,0.1,0.5,0.006769762638966245,0.009932641820404929,Gaussian with exact least-squares mini-batch mean/covariance
beta_sweep,hb,4,50,5000,256,10.0,0.01,0.0,0.1,0.5,0.006821679397134574,0.007253214220277043,Gaussian with exact least-squares mini-batch mean/covariance
beta_sweep,hb,5,50,5000,256,10.0,0.01,0.0,0.1,0.5,0.006811039726825103,0.007952913262477459,Gaussian with exact least-squares mini-batch mean/covariance
beta_sweep,hb,6,50,5000,256,10.0,0.01,0.0,0.1,0.5,0.006790483342486233,0.006072465942950962,Gaussian with exact least-squares mini-batch mean/covariance
beta_sweep,hb,7,50,5000,256,10.0,0.01,0.0,0.1,0.5,0.006800539391587715,0.0033179424769653057,Gaussian with exact least-squares mini-batch mean/covariance
beta_sweep,hb,8,50,5000,256,10.0,0.01,0.0,0.1,0.5,0.006696820156864775,0.008261562958520919,Gaussian with exact least-squares mini-batch mean/covariance
beta_sweep,hb,9,50,5000,256,10.0,0.01,0.0,0.1,0.5,0.006729709610216195,0.006017221889084254,Gaussian with exact least-squares mini-batch mean/covariance
beta_sweep,hb,10,50,5000,256,10.0,0.01,0.0,0.1,0.5,0.006812446377155757,0.007292631418405631,Gaussian with exact least-squares mini-batch mean/covariance
beta_sweep,hb,11,50,5000,256,10.0,0.01,0.0,0.1,0.5,0.006659517366939413,0.005124277553762568,Gaussian with exact least-squares mini-batch mean/covariance
beta_sweep,hb,12,50,5000,256,10.0,0.01,0.0,0.1,0.5,0.0068069673467696275,0.009816132826940525,Gaussian with exact least-squares mini-batch mean/covariance
beta_sweep,hb,13,50,5000,256,10.0,0.01,0.0,0.1,0.5,0.006715097036987782,0.007371981169840134,Gaussian with exact least-squares mini-batch mean/covariance
beta_sweep,hb,14,50,5000,256,10.0,0.01,0.0,0.1,0.5,0.006794708344525204,0.005565215835809488,Gaussian with exact least-squares mini-batch mean/covariance
beta_sweep,hb,15,50,5000,256,10.0,0.01,0.0,0.1,0.5,0.006802133082714204,0.009355821163199211,Gaussian with exact least-squares mini-batch mean/covariance
beta_sweep,hb,16,50,5000,256,10.0,0.01,0.0,0.1,0.5,0.006829793949370143,0.007835909858214472,Gaussian with exact least-squares mini-batch mean/covariance
beta_sweep,hb,17,50,5000,256,10.0,0.01,0.0,0.1,0.5,0.00683192321646857,0.004321372628126231,Gaussian with exact least-squares mini-batch mean/covariance
beta_sweep,hb,18,50,5000,256,10.0,0.01,0.0,0.1,0.5,0.006825815638643706,0.005581743327277533,Gaussian with exact least-squares mini-batch mean/covariance
beta_sweep,hb,19,50,5000,256,10.0,0.01,0.0,0.1,0.5,0.00671105870748015,0.005566201881528115,Gaussian with exact least-squares mini-batch mean/covariance
beta_sweep,nag,0,50,5000,256,10.0,0.01,0.0,0.1,0.5,0.0068434343791990955,0.005815498737622113,Gaussian with exact least-squares mini-batch mean/covariance
beta_sweep,nag,1,50,5000,256,10.0,0.01,0.0,0.1,0.5,0.006758910994236619,0.006939442158753673,Gaussian with exact least-squares mini-batch mean/covariance
beta_sweep,nag,2,50,5000,256,10.0,0.01,0.0,0.1,0.5,0.006849769833553968,0.00867132913327989,Gaussian with exact least-squares mini-batch mean/covariance
beta_sweep,nag,3,50,5000,256,10.0,0.01,0.0,0.1,0.5,0.006711660132090846,0.005928409527269561,Gaussian with exact least-squares mini-batch mean/covariance
beta_sweep,nag,4,50,5000,256,10.0,0.01,0.0,0.1,0.5,0.006887614959471524,0.007520524556917011,Gaussian with exact least-squares mini-batch mean/covariance
beta_sweep,nag,5,50,5000,256,10.0,0.01,0.0,0.1,0.5,0.006803615121786609,0.006300812614033054,Gaussian with exact least-squares mini-batch mean/covariance
beta_sweep,nag,6,50,5000,256,10.0,0.01,0.0,0.1,0.5,0.00676125651406704,0.007597443805342138,Gaussian with exact least-squares mini-batch mean/covariance
beta_sweep,nag,7,50,5000,256,10.0,0.01,0.0,0.1,0.5,0.00671418923073544,0.008849589259623149,Gaussian with exact least-squares mini-batch mean/covariance
beta_sweep,nag,8,50,5000,256,10.0,0.01,0.0,0.1,0.5,0.006761412329367258,0.004471311702064302,Gaussian with exact least-squares mini-batch mean/covariance
beta_sweep,nag,9,50,5000,256,10.0,0.01,0.0,0.1,0.5,0.0067658234095963775,0.0053995243904788135,Gaussian with exact least-squares mini-batch mean/covariance
beta_sweep,nag,10,50,5000,256,10.0,0.01,0.0,0.1,0.5,0.00686621435761422,0.008791096987553468,Gaussian with exact least-squares mini-batch mean/covariance
beta_sweep,nag,11,50,5000,256,10.0,0.01,0.0,0.1,0.5,0.006720359264558256,0.005064942034402347,Gaussian with exact least-squares mini-batch mean/covariance
beta_sweep,nag,12,50,5000,256,10.0,0.01,0.0,0.1,0.5,0.006854074469276094,0.005400090267166453,Gaussian with exact least-squares mini-batch mean/covariance
beta_sweep,nag,13,50,5000,256,10.0,0.01,0.0,0.1,0.5,0.0068290899986105085,0.006651352564637682,Gaussian with exact least-squares mini-batch mean/covariance
beta_sweep,nag,14,50,5000,256,10.0,0.01,0.0,0.1,0.5,0.006796501045649144,0.0070540865796207795,Gaussian with exact least-squares mini-batch mean/covariance
beta_sweep,nag,15,50,5000,256,10.0,0.01,0.0,0.1,0.5,0.006770395189372848,0.007840163218249614,Gaussian with exact least-squares mini-batch mean/covariance
beta_sweep,nag,16,50,5000,256,10.0,0.01,0.0,0.1,0.5,0.006840194651613925,0.009839504543422336,Gaussian with exact least-squares mini-batch mean/covariance
beta_sweep,nag,17,50,5000,256,10.0,0.01,0.0,0.1,0.5,0.006885021131765742,0.006851218728000349,Gaussian with exact least-squares mini-batch mean/covariance
beta_sweep,nag,18,50,5000,256,10.0,0.01,0.0,0.1,0.5,0.006703470137088041,0.004926903710829792,Gaussian with exact least-squares mini-batch mean/covariance
beta_sweep,nag,19,50,5000,256,10.0,0.01,0.0,0.1,0.5,0.006766329062453684,0.00701316474025936,Gaussian with exact least-squares mini-batch mean/covariance
beta_sweep,sgd,0,50,5000,256,10.0,0.01,0.0,0.1,0.5,0.006707568951484112,0.007467620835000824,Gaussian with exact least-squares mini-batch mean/covariance
beta_sweep,sgd,1,50,5000,256,10.0,0.01,0.0,0.1,0.5,0.006739407871089122,0.006117268416278399,Gaussian with exact least-squares mini-batch mean/covariance
beta_sweep,sgd,2,50,5000,256,10.0,0.01,0.0,0.1,0.5,0.006815971052819769,0.005378673718281249,Gaussian with exact least-squares mini-batch mean/covariance
beta_sweep,sgd,3,50,5000,256,10.0,0.01,0.0,0.1,0.5,0.006814696145659809,0.0066723425261138135,Gaussian with exact least-squares mini-batch mean/covariance
beta_sweep,sgd,4,50,5000,256,10.0,0.01,0.0,0.1,0.5,0.006760319691812843,0.005829877537023761,Gaussian with exact least-squares mini-batch mean/covariance
beta_sweep,sgd,5,50,5000,256,10.0,0.01,0.0,0.1,0.5,0.006879355347155135,0.0047674702763126605,Gaussian with exact least-squares mini-batch mean/covariance
beta_sweep,sgd,6,50,5000,256,10.0,0.01,0.0,0.1,0.5,0.006777974214613383,0.007092652562864046,Gaussian with exact least-squares mini-batch mean/covariance
beta_sweep,sgd,7,50,5000,256,10.0,0.01,0.0,0.1,0.5,0.006743085711846254,0.008346753489206589,Gaussian with exact least-squares mini-batch mean/covariance
beta_sweep,sgd,8,50,5000,256,10.0,0.01,0.0,0.1,0.5,0.006832611646836267,0.006606572203532176,Gaussian with exact least-squares mini-batch mean/covariance
beta_sweep,sgd,9,50,5000,256,10.0,0.01,0.0,0.1,0.5,0.006804591845542528,0.006231869271973144,Gaussian with exact least-squares mini-batch mean/covariance
beta_sweep,sgd,10,50,5000,256,10.0,0.01,0.0,0.1,0.5,0.00688507215205412,0.005292303558067057,Gaussian with exact least-squares mini-batch mean/covariance
beta_sweep,sgd,11,50,5000,256,10.0,0.01,0.0,0.1,0.5,0.006671839475521995,0.0041850661083389935,Gaussian with exact least-squares mini-batch mean/covariance
beta_sweep,sgd,12,50,5000,256,10.0,0.01,0.0,0.1,0.5,0.006797773491449295,0.0072279094877499665,Gaussian with exact least-squares mini-batch mean/covariance
beta_sweep,sgd,13,50,5000,256,10.0,0.01,0.0,0.1,0.5,0.006728139133047908,0.006431698442615513,Gaussian with exact least-squares mini-batch mean/covariance
beta_sweep,sgd,14,50,5000,256,10.0,0.01,0.0,0.1,0.5,0.006843818480562868,0.006352288350691651,Gaussian with exact least-squares mini-batch mean/covariance
beta_sweep,sgd,15,50,5000,256,10.0,0.01,0.0,0.1,0.5,0.006825002054559914,0.007470141920665121,Gaussian with exact least-squares mini-batch mean/covariance
beta_sweep,sgd,16,50,5000,256,10.0,0.01,0.0,0.1,0.5,0.006732024518933643,0.00483133920822744,Gaussian with exact least-squares mini-batch mean/covariance
beta_sweep,sgd,17,50,5000,256,10.0,0.01,0.0,0.1,0.5,0.006759679747411249,0.005806905433963649,Gaussian with exact least-squares mini-batch mean/covariance
beta_sweep,sgd,18,50,5000,256,10.0,0.01,0.0,0.1,0.5,0.0067176725511403105,0.008043848606473888,Gaussian with exact least-squares mini-batch mean/covariance
beta_sweep,sgd,19,50,5000,256,10.0,0.01,0.0,0.1,0.5,0.006747210179235333,0.006485786826900149,Gaussian with exact least-squares mini-batch mean/covariance
beta_sweep,hb,0,50,5000,256,10.0,0.01,0.5,0.1,0.5,0.012801431517034171,0.014421954935023889,Gaussian with exact least-squares mini-batch mean/covariance
beta_sweep,hb,1,50,5000,256,10.0,0.01,0.5,0.1,0.5,0.012731974318121949,0.01208072731810574,Gaussian with exact least-squares mini-batch mean/covariance
beta_sweep,hb,2,50,5000,256,10.0,0.01,0.5,0.1,0.5,0.012652865745706331,0.010297011381792237,Gaussian with exact least-squares mini-batch mean/covariance
beta_sweep,hb,3,50,5000,256,10.0,0.01,0.5,0.1,0.5,0.012614676620041492,0.011615010723526824,Gaussian with exact least-squares mini-batch mean/covariance
beta_sweep,hb,4,50,5000,256,10.0,0.01,0.5,0.1,0.5,0.012663493215852976,0.012674697642913582,Gaussian with exact least-squares mini-batch mean/covariance
beta_sweep,hb,5,50,5000,256,10.0,0.01,0.5,0.1,0.5,0.012589466826718935,0.011081768530232872,Gaussian with exact least-squares mini-batch mean/covariance
beta_sweep,hb,6,50,5000,256,10.0,0.01,0.5,0.1,0.5,0.01274306385355036,0.016480136508002164,Gaussian with exact least-squares mini-batch mean/covariance
beta_sweep,hb,7,50,5000,256,10.0,0.01,0.5,0.1,0.5,0.012682111551091824,0.014078169645148034,Gaussian with exact least-squares mini-batch mean/covariance
beta_sweep,hb,8,50,5000,256,10.0,0.01,0.5,0.1,0.5,0.012544228564332375,0.01840842670466409,Gaussian with exact least-squares mini-batch mean/covariance
beta_sweep,hb,9,50,5000,256,10.0,0.01,0.5,0.1,0.5,0.01270329807626099,0.011073048028157204,Gaussian with exact least-squares mini-batch mean/covariance
beta_sweep,hb,10,50,5000,256,10.0,0.01,0.5,0.1,0.5,0.012587397893942311,0.014741114033010847,Gaussian with exact least-squares mini-batch mean/covariance
beta_sweep,hb,11,50,5000,256,10.0,0.01,0.5,0.1,0.5,0.012612732972746787,0.014772105369089671,Gaussian with exact least-squares mini-batch mean/covariance
beta_sweep,hb,12,50,5000,256,10.0,0.01,0.5,0.1,0.5,0.012817569219800328,0.01333915968009934,Gaussian with exact least-squares mini-batch mean/covariance
beta_sweep,hb,13,50,5000,256,10.0,0.01,0.5,0.1,0.5,0.012871496132210709,0.01177453303217839,Gaussian with exact least-squares mini-batch mean/covariance
beta_sweep,hb,14,50,5000,256,10.0,0.01,0.5,0.1,0.5,0.012656035347564118,0.010008482333124668,Gaussian with exact least-squares mini-batch mean/covariance
beta_sweep,hb,15,50,5000,256,10.0,0.01,0.5,0.1,0.5,0.012555990170803293,0.013659163753689021,Gaussian with exact least-squares mini-batch mean/covariance
beta_sweep,hb,16,50,5000,256,10.0,0.01,0.5,0.1,0.5,0.012677387713391679,0.015489365586204925,Gaussian with exact least-squares mini-batch mean/covariance
beta_sweep,hb,17,50,5000,256,10.0,0.01,0.5,0.1,0.5,0.012742812767515564,0.009548133195214633,Gaussian with exact least-squares mini-batch mean/covariance
beta_sweep,hb,18,50,5000,256,10.0,0.01,0.5,0.1,0.5,0.012677691916266566,0.012684715147121522,Gaussian with exact least-squares mini-batch mean/covariance
beta_sweep,hb,19,50,5000,256,10.0,0.01,0.5,0.1,0.5,0.012598412300552413,0.00979227303803325,Gaussian with exact least-squares mini-batch mean/covariance
beta_sweep,nag,0,50,5000,256,10.0,0.01,0.5,0.1,0.5,0.009871008786350803,0.010135868619668451,Gaussian with exact least-squares mini-batch mean/covariance
beta_sweep,nag,1,50,5000,256,10.0,0.01,0.5,0.1,0.5,0.009742470461454326,0.009918849655439693,Gaussian with exact least-squares mini-batch mean/covariance
beta_sweep,nag,2,50,5000,256,10.0,0.01,0.5,0.1,0.5,0.009968966918316462,0.011933476996629562,Gaussian with exact least-squares mini-batch mean/covariance
beta_sweep,nag,3,50,5000,256,10.0,0.01,0.5,0.1,0.5,0.009860542690400698,0.009543011289693945,Gaussian with exact least-squares mini-batch mean/covariance
beta_sweep,nag,4,50,5000,256,10.0,0.01,0.5,0.1,0.5,0.009838508667420563,0.00902226298489876,Gaussian with exact least-squares mini-batch mean/covariance
beta_sweep,nag,5,50,5000,256,10.0,0.01,0.5,0.1,0.5,0.009862215416514808,0.012195907744469145,Gaussian with exact least-squares mini-batch mean/covariance
beta_sweep,nag,6,50,5000,256,10.0,0.01,0.5,0.1,0.5,0.009817160877283237,0.014148313569661683,Gaussian with exact least-squares mini-batch mean/covariance
beta_sweep,nag,7,50,5000,256,10.0,0.01,0.5,0.1,0.5,0.009923390536186943,0.018106794215758164,Gaussian with exact least-squares mini-batch mean/covariance
beta_sweep,nag,8,50,5000,256,10.0,0.01,0.5,0.1,0.5,0.009913306427866992,0.011182153286925393,Gaussian with exact least-squares mini-batch mean/covariance
beta_sweep,nag,9,50,5000,256,10.0,0.01,0.5,0.1,0.5,0.010004173731475533,0.010787593811309313,Gaussian with exact least-squares mini-batch mean/covariance
beta_sweep,nag,10,50,5000,256,10.0,0.01,0.5,0.1,0.5,0.009965486071414873,0.008405650376885676,Gaussian with exact least-squares mini-batch mean/covariance
beta_sweep,nag,11,50,5000,256,10.0,0.01,0.5,0.1,0.5,0.009841822172207191,0.008228059338902223,Gaussian with exact least-squares mini-batch mean/covariance
beta_sweep,nag,12,50,5000,256,10.0,0.01,0.5,0.1,0.5,0.009996461292026337,0.012189996068217211,Gaussian with exact least-squares mini-batch mean/covariance
beta_sweep,nag,13,50,5000,256,10.0,0.01,0.5,0.1,0.5,0.009809858051428135,0.010804753072240813,Gaussian with exact least-squares mini-batch mean/covariance
beta_sweep,nag,14,50,5000,256,10.0,0.01,0.5,0.1,0.5,0.010013888139596569,0.011481416193372979,Gaussian with exact least-squares mini-batch mean/covariance
beta_sweep,nag,15,50,5000,256,10.0,0.01,0.5,0.1,0.5,0.009843337688653316,0.008757232797761513,Gaussian with exact least-squares mini-batch mean/covariance
beta_sweep,nag,16,50,5000,256,10.0,0.01,0.5,0.1,0.5,0.009929685300390609,0.01185312785245211,Gaussian with exact least-squares mini-batch mean/covariance
beta_sweep,nag,17,50,5000,256,10.0,0.01,0.5,0.1,0.5,0.00981108704626456,0.010627346585213207,Gaussian with exact least-squares mini-batch mean/covariance
beta_sweep,nag,18,50,5000,256,10.0,0.01,0.5,0.1,0.5,0.01002087955895793,0.010821190106939025,Gaussian with exact least-squares mini-batch mean/covariance
beta_sweep,nag,19,50,5000,256,10.0,0.01,0.5,0.1,0.5,0.009966292844705613,0.009313020538706878,Gaussian with exact least-squares mini-batch mean/covariance
beta_sweep,sgd,0,50,5000,256,10.0,0.01,0.0,0.1,0.5,0.006746209666694617,0.008518091281303,Gaussian with exact least-squares mini-batch mean/covariance
beta_sweep,sgd,1,50,5000,256,10.0,0.01,0.0,0.1,0.5,0.0066834868508914656,0.0067950314089459144,Gaussian with exact least-squares mini-batch mean/covariance
beta_sweep,sgd,2,50,5000,256,10.0,0.01,0.0,0.1,0.5,0.006812589099152602,0.0065641550825788,Gaussian with exact least-squares mini-batch mean/covariance
beta_sweep,sgd,3,50,5000,256,10.0,0.01,0.0,0.1,0.5,0.006847608880032588,0.006237385887110066,Gaussian with exact least-squares mini-batch mean/covariance
beta_sweep,sgd,4,50,5000,256,10.0,0.01,0.0,0.1,0.5,0.006768393702304108,0.007134805092105876,Gaussian with exact least-squares mini-batch mean/covariance
beta_sweep,sgd,5,50,5000,256,10.0,0.01,0.0,0.1,0.5,0.0068240269113545,0.005904488625485211,Gaussian with exact least-squares mini-batch mean/covariance
beta_sweep,sgd,6,50,5000,256,10.0,0.01,0.0,0.1,0.5,0.006754730508249879,0.0071051045172224265,Gaussian with exact least-squares mini-batch mean/covariance
beta_sweep,sgd,7,50,5000,256,10.0,0.01,0.0,0.1,0.5,0.006658781405707925,0.005556350759894615,Gaussian with exact least-squares mini-batch mean/covariance
beta_sweep,sgd,8,50,5000,256,10.0,0.01,0.0,0.1,0.5,0.006768873310324586,0.005936104243872991,Gaussian with exact least-squares mini-batch mean/covariance
beta_sweep,sgd,9,50,5000,256,10.0,0.01,0.0,0.1,0.5,0.006856615105637316,0.011010143098216824,Gaussian with exact least-squares mini-batch mean/covariance
beta_sweep,sgd,10,50,5000,256,10.0,0.01,0.0,0.1,0.5,0.006831490305760005,0.00487866622208144,Gaussian with exact least-squares mini-batch mean/covariance
beta_sweep,sgd,11,50,5000,256,10.0,0.01,0.0,0.1,0.5,0.00674788999857112,0.0051891392902518535,Gaussian with exact least-squares mini-batch mean/covariance
beta_sweep,sgd,12,50,5000,256,10.0,0.01,0.0,0.1,0.5,0.006703313944869147,0.0077070443796596,Gaussian with exact least-squares mini-batch mean/covariance
beta_sweep,sgd,13,50,5000,256,10.0,0.01,0.0,0.1,0.5,0.006858138923437591,0.005325834177548762,Gaussian with exact least-squares mini-batch mean/covariance
beta_sweep,sgd,14,50,5000,256,10.0,0.01,0.0,0.1,0.5,0.006731401306630419,0.006317869692011643,Gaussian with exact least-squares mini-batch mean/covariance
beta_sweep,sgd,15,50,5000,256,10.0,0.01,0.0,0.1,0.5,0.006771994357812703,0.006425334677010849,Gaussian with exact least-squares mini-batch mean/covariance
beta_sweep,sgd,16,50,5000,256,10.0,0.01,0.0,0.1,0.5,0.006750815168220454,0.00758135271666866,Gaussian with exact least-squares mini-batch mean/covariance
beta_sweep,sgd,17,50,5000,256,10.0,0.01,0.0,0.1,0.5,0.0067192824969501555,0.006802724496491846,Gaussian with exact least-squares mini-batch mean/covariance
beta_sweep,sgd,18,50,5000,256,10.0,0.01,0.0,0.1,0.5,0.006783286401001368,0.0062328662636344356,Gaussian with exact least-squares mini-batch mean/covariance
beta_sweep,sgd,19,50,5000,256,10.0,0.01,0.0,0.1,0.5,0.00676612399638733,0.007302722275105267,Gaussian with exact least-squares mini-batch mean/covariance
beta_sweep,hb,0,50,5000,256,10.0,0.01,0.9,0.1,0.5,0.10610166872435989,0.09066357202753866,Gaussian with exact least-squares mini-batch mean/covariance
beta_sweep,hb,1,50,5000,256,10.0,0.01,0.9,0.1,0.5,0.10975931710559937,0.10063898154474048,Gaussian with exact least-squares mini-batch mean/covariance
beta_sweep,hb,2,50,5000,256,10.0,0.01,0.9,0.1,0.5,0.10289143434191042,0.09369726608556825,Gaussian with exact least-squares mini-batch mean/covariance
beta_sweep,hb,3,50,5000,256,10.0,0.01,0.9,0.1,0.5,0.10023343133487175,0.10578112932005045,Gaussian with exact least-squares mini-batch mean/covariance
beta_sweep,hb,4,50,5000,256,10.0,0.01,0.9,0.1,0.5,0.10410955728048968,0.10759488845284015,Gaussian with exact least-squares mini-batch mean/covariance
beta_sweep,hb,5,50,5000,256,10.0,0.01,0.9,0.1,0.5,0.10129258434935745,0.08097194383164653,Gaussian with exact least-squares mini-batch mean/covariance
beta_sweep,hb,6,50,5000,256,10.0,0.01,0.9,0.1,0.5,0.09906507225728904,0.09100163669975798,Gaussian with exact least-squares mini-batch mean/covariance
beta_sweep,hb,7,50,5000,256,10.0,0.01,0.9,0.1,0.5,0.10942941998673678,0.09233010520072382,Gaussian with exact least-squares mini-batch mean/covariance
beta_sweep,hb,8,50,5000,256,10.0,0.01,0.9,0.1,0.5,0.10029508728520256,0.1046233146197881,Gaussian with exact least-squares mini-batch mean/covariance
beta_sweep,hb,9,50,5000,256,10.0,0.01,0.9,0.1,0.5,0.10446250443912333,0.08824447112666099,Gaussian with exact least-squares mini-batch mean/covariance
beta_sweep,hb,10,50,5000,256,10.0,0.01,0.9,0.1,0.5,0.10384562747320053,0.12302629483711902,Gaussian with exact least-squares mini-batch mean/covariance
beta_sweep,hb,11,50,5000,256,10.0,0.01,0.9,0.1,0.5,0.10469806246313668,0.13317116457538933,Gaussian with exact least-squares mini-batch mean/covariance
beta_sweep,hb,12,50,5000,256,10.0,0.01,0.9,0.1,0.5,0.10396264436655686,0.13496651290429515,Gaussian with exact least-squares mini-batch mean/covariance
beta_sweep,hb,13,50,5000,256,10.0,0.01,0.9,0.1,0.5,0.1042426686462968,0.13669503604725827,Gaussian with exact least-squares mini-batch mean/covariance
beta_sweep,hb,14,50,5000,256,10.0,0.01,0.9,0.1,0.5,0.10401398632380199,0.13314341211096475,Gaussian with exact least-squares mini-batch mean/covariance
beta_sweep,hb,15,50,5000,256,10.0,0.01,0.9,0.1,0.5,0.10700208672358624,0.10609986971934912,Gaussian with exact least-squares mini-batch mean/covariance
beta_sweep,hb,16,50,5000,256,10.0,0.01,0.9,0.1,0.5,0.10003768853463837,0.08548259085774637,Gaussian with exact least-squares mini-batch mean/covariance
beta_sweep,hb,17,50,5000,256,10.0,0.01,0.9,0.1,0.5,0.10257730390540289,0.07246204010233628,Gaussian with exact least-squares mini-batch mean/covariance
beta_sweep,hb,18,50,5000,256,10.0,0.01,0.9,0.1,0.5,0.10652691326255079,0.18009202927848364,Gaussian with exact least-squares mini-batch mean/covariance
beta_sweep,hb,19,50,5000,256,10.0,0.01,0.9,0.1,0.5,0.10096718909964657,0.09281973424057359,Gaussian with exact least-squares mini-batch mean/covariance
beta_sweep,nag,0,50,5000,256,10.0,0.01,0.9,0.1,0.5,0.020171356821383886,0.015456010755883995,Gaussian with exact least-squares mini-batch mean/covariance
beta_sweep,nag,1,50,5000,256,10.0,0.01,0.9,0.1,0.5,0.019719082046018573,0.020064400585114068,Gaussian with exact least-squares mini-batch mean/covariance
beta_sweep,nag,2,50,5000,256,10.0,0.01,0.9,0.1,0.5,0.020301194163384478,0.02332585417476547,Gaussian with exact least-squares mini-batch mean/covariance
beta_sweep,nag,3,50,5000,256,10.0,0.01,0.9,0.1,0.5,0.020206250976705812,0.023828370308902665,Gaussian with exact least-squares mini-batch mean/covariance
beta_sweep,nag,4,50,5000,256,10.0,0.01,0.9,0.1,0.5,0.020005428396669113,0.020049584530921982,Gaussian with exact least-squares mini-batch mean/covariance
beta_sweep,nag,5,50,5000,256,10.0,0.01,0.9,0.1,0.5,0.02002886298743848,0.020396047776756767,Gaussian with exact least-squares mini-batch mean/covariance
beta_sweep,nag,6,50,5000,256,10.0,0.01,0.9,0.1,0.5,0.01967377377174342,0.017038293554812168,Gaussian with exact least-squares mini-batch mean/covariance
beta_sweep,nag,7,50,5000,256,10.0,0.01,0.9,0.1,0.5,0.01974591604976429,0.020764693208735217,Gaussian with exact least-squares mini-batch mean/covariance
beta_sweep,nag,8,50,5000,256,10.0,0.01,0.9,0.1,0.5,0.019666017488531126,0.03091291431403563,Gaussian with exact least-squares mini-batch mean/covariance
beta_sweep,nag,9,50,5000,256,10.0,0.01,0.9,0.1,0.5,0.019820995581098746,0.020950319040828027,Gaussian with exact least-squares mini-batch mean/covariance
beta_sweep,nag,10,50,5000,256,10.0,0.01,0.9,0.1,0.5,0.01976173878424569,0.018388615754137954,Gaussian with exact least-squares mini-batch mean/covariance
beta_sweep,nag,11,50,5000,256,10.0,0.01,0.9,0.1,0.5,0.020004305747364795,0.016593560287409985,Gaussian with exact least-squares mini-batch mean/covariance
beta_sweep,nag,12,50,5000,256,10.0,0.01,0.9,0.1,0.5,0.019800440026683727,0.020727875178002387,Gaussian with exact least-squares mini-batch mean/covariance
beta_sweep,nag,13,50,5000,256,10.0,0.01,0.9,0.1,0.5,0.01971200379301616,0.015726100282303215,Gaussian with exact least-squares mini-batch mean/covariance
beta_sweep,nag,14,50,5000,256,10.0,0.01,0.9,0.1,0.5,0.02007276954849887,0.022595557981566657,Gaussian with exact least-squares mini-batch mean/covariance
beta_sweep,nag,15,50,5000,256,10.0,0.01,0.9,0.1,0.5,0.02008912999384478,0.01750320482258636,Gaussian with exact least-squares mini-batch mean/covariance
beta_sweep,nag,16,50,5000,256,10.0,0.01,0.9,0.1,0.5,0.019554038511561723,0.021166523280467902,Gaussian with exact least-squares mini-batch mean/covariance
beta_sweep,nag,17,50,5000,256,10.0,0.01,0.9,0.1,0.5,0.019436390847872114,0.015001958292222017,Gaussian with exact least-squares mini-batch mean/covariance
beta_sweep,nag,18,50,5000,256,10.0,0.01,0.9,0.1,0.5,0.0200381115310527,0.019352915103117953,Gaussian with exact least-squares mini-batch mean/covariance
beta_sweep,nag,19,50,5000,256,10.0,0.01,0.9,0.1,0.5,0.01962380610457472,0.022584347367308584,Gaussian with exact least-squares mini-batch mean/covariance
beta_sweep,sgd,0,50,5000,256,10.0,0.01,0.0,0.1,0.5,0.006772052965928622,0.005692509290629961,Gaussian with exact least-squares mini-batch mean/covariance
beta_sweep,sgd,1,50,5000,256,10.0,0.01,0.0,0.1,0.5,0.0067655152925091555,0.006446014424531545,Gaussian with exact least-squares mini-batch mean/covariance
beta_sweep,sgd,2,50,5000,256,10.0,0.01,0.0,0.1,0.5,0.006718915680638901,0.007038276021963361,Gaussian with exact least-squares mini-batch mean/covariance
beta_sweep,sgd,3,50,5000,256,10.0,0.01,0.0,0.1,0.5,0.006764684990941721,0.008731063047303015,Gaussian with exact least-squares mini-batch mean/covariance
beta_sweep,sgd,4,50,5000,256,10.0,0.01,0.0,0.1,0.5,0.006731353899785624,0.0074076451511203255,Gaussian with exact least-squares mini-batch mean/covariance
beta_sweep,sgd,5,50,5000,256,10.0,0.01,0.0,0.1,0.5,0.006800824852996689,0.007344154975087187,Gaussian with exact least-squares mini-batch mean/covariance
beta_sweep,sgd,6,50,5000,256,10.0,0.01,0.0,0.1,0.5,0.006763763554373345,0.006640952582852205,Gaussian with exact least-squares mini-batch mean/covariance
beta_sweep,sgd,7,50,5000,256,10.0,0.01,0.0,0.1,0.5,0.006792063948283666,0.008302646738771274,Gaussian with exact least-squares mini-batch mean/covariance
beta_sweep,sgd,8,50,5000,256,10.0,0.01,0.0,0.1,0.5,0.00675875509090317,0.00849922874155501,Gaussian with exact least-squares mini-batch mean/covariance
beta_sweep,sgd,9,50,5000,256,10.0,0.01,0.0,0.1,0.5,0.006729217392040481,0.005716050140299449,Gaussian with exact least-squares mini-batch mean/covariance
beta_sweep,sgd,10,50,5000,256,10.0,0.01,0.0,0.1,0.5,0.0068162620338930256,0.006041314303597135,Gaussian with exact least-squares mini-batch mean/covariance
beta_sweep,sgd,11,50,5000,256,10.0,0.01,0.0,0.1,0.5,0.006692955797021378,0.0075452274181247465,Gaussian with exact least-squares mini-batch mean/covariance
beta_sweep,sgd,12,50,5000,256,10.0,0.01,0.0,0.1,0.5,0.006769821659561511,0.008662888379277804,Gaussian with exact least-squares mini-batch mean/covariance
beta_sweep,sgd,13,50,5000,256,10.0,0.01,0.0,0.1,0.5,0.006769375277230575,0.006196122020282036,Gaussian with exact least-squares mini-batch mean/covariance
beta_sweep,sgd,14,50,5000,256,10.0,0.01,0.0,0.1,0.5,0.006769372756784665,0.006912869053590635,Gaussian with exact least-squares mini-batch mean/covariance
beta_sweep,sgd,15,50,5000,256,10.0,0.01,0.0,0.1,0.5,0.006818578902543568,0.006976686310615085,Gaussian with exact least-squares mini-batch mean/covariance
beta_sweep,sgd,16,50,5000,256,10.0,0.01,0.0,0.1,0.5,0.006883466570903677,0.00876205221624651,Gaussian with exact least-squares mini-batch mean/covariance
beta_sweep,sgd,17,50,5000,256,10.0,0.01,0.0,0.1,0.5,0.006762791440784879,0.0074107763790069526,Gaussian with exact least-squares mini-batch mean/covariance
beta_sweep,sgd,18,50,5000,256,10.0,0.01,0.0,0.1,0.5,0.0068006987405596275,0.006711432308931327,Gaussian with exact least-squares mini-batch mean/covariance
beta_sweep,sgd,19,50,5000,256,10.0,0.01,0.0,0.1,0.5,0.0067105070491107,0.0066655290284751085,Gaussian with exact least-squares mini-batch mean/covariance
beta_sweep,hb,0,50,5000,256,10.0,0.01,0.95,0.1,0.5,2.379942241289227,1.228875662995255,Gaussian with exact least-squares mini-batch mean/covariance
beta_sweep,hb,1,50,5000,256,10.0,0.01,0.95,0.1,0.5,0.8766982872517779,1.4697127950999596,Gaussian with exact least-squares mini-batch mean/covariance
beta_sweep,hb,2,50,5000,256,10.0,0.01,0.95,0.1,0.5,1.5420425089820968,1.3707614215762243,Gaussian with exact least-squares mini-batch mean/covariance
beta_sweep,hb,3,50,5000,256,10.0,0.01,0.95,0.1,0.5,1.1126872467602351,0.583057892265943,Gaussian with exact least-squares mini-batch mean/covariance
beta_sweep,hb,4,50,5000,256,10.0,0.01,0.95,0.1,0.5,1.9501151052319619,1.7249333552581196,Gaussian with exact least-squares mini-batch mean/covariance
beta_sweep,hb,5,50,5000,256,10.0,0.01,0.95,0.1,0.5,1.1629085467753242,0.9348978521648578,Gaussian with exact least-squares mini-batch mean/covariance
beta_sweep,hb,6,50,5000,256,10.0,0.01,0.95,0.1,0.5,2.0696370157110344,5.4193274918017815,Gaussian with exact least-squares mini-batch mean/covariance
beta_sweep,hb,7,50,5000,256,10.0,0.01,0.95,0.1,0.5,1.466454083223643,0.8135815547914022,Gaussian with exact least-squares mini-batch mean/covariance
beta_sweep,hb,8,50,5000,256,10.0,0.01,0.95,0.1,0.5,1.6534712485466498,2.1601118584179453,Gaussian with exact least-squares mini-batch mean/covariance
beta_sweep,hb,9,50,5000,256,10.0,0.01,0.95,0.1,0.5,1.4509492801906498,0.4773294316109604,Gaussian with exact least-squares mini-batch mean/covariance
beta_sweep,hb,10,50,5000,256,10.0,0.01,0.95,0.1,0.5,3.0309239218971475,0.65245718096825,Gaussian with exact least-squares mini-batch mean/covariance
beta_sweep,hb,11,50,5000,256,10.0,0.01,0.95,0.1,0.5,1.345368265126124,1.6309920246518277,Gaussian with exact least-squares mini-batch mean/covariance
beta_sweep,hb,12,50,5000,256,10.0,0.01,0.95,0.1,0.5,1.573886617133574,1.1407572775776855,Gaussian with exact least-squares mini-batch mean/covariance
beta_sweep,hb,13,50,5000,256,10.0,0.01,0.95,0.1,0.5,2.965242918943679,2.7882147922291174,Gaussian with exact least-squares mini-batch mean/covariance
beta_sweep,hb,14,50,5000,256,10.0,0.01,0.95,0.1,0.5,1.6911417250142593,1.2259569420229264,Gaussian with exact least-squares mini-batch mean/covariance
beta_sweep,hb,15,50,5000,256,10.0,0.01,0.95,0.1,0.5,1.0526508064197317,1.7110817562012381,Gaussian with exact least-squares mini-batch mean/covariance
beta_sweep,hb,16,50,5000,256,10.0,0.01,0.95,0.1,0.5,2.3071950097589373,1.4794175218182777,Gaussian with exact least-squares mini-batch mean/covariance
beta_sweep,hb,17,50,5000,256,10.0,0.01,0.95,0.1,0.5,1.4126022698645246,1.3277713146854668,Gaussian with exact least-squares mini-batch mean/covariance
beta_sweep,hb,18,50,5000,256,10.0,0.01,0.95,0.1,0.5,1.2079722117135911,0.864497126607392,Gaussian with exact least-squares mini-batch mean/covariance
beta_sweep,hb,19,50,5000,256,10.0,0.01,0.95,0.1,0.5,1.2264564389941388,1.5229839504335134,Gaussian with exact least-squares mini-batch mean/covariance
beta_sweep,nag,0,50,5000,256,10.0,0.01,0.95,0.1,0.5,0.023186926918871247,0.01746502646465415,Gaussian with exact least-squares mini-batch mean/covariance
beta_sweep,nag,1,50,5000,256,10.0,0.01,0.95,0.1,0.5,0.023503962069468167,0.021109712616377802,Gaussian with exact least-squares mini-batch mean/covariance
beta_sweep,nag,2,50,5000,256,10.0,0.01,0.95,0.1,0.5,0.023964923266329836,0.021657475235211297,Gaussian with exact least-squares mini-batch mean/covariance
beta_sweep,nag,3,50,5000,256,10.0,0.01,0.95,0.1,0.5,0.02386873468229535,0.02102018615761251,Gaussian with exact least-squares mini-batch mean/covariance
beta_sweep,nag,4,50,5000,256,10.0,0.01,0.95,0.1,0.5,0.02394239607345055,0.02503745458152128,Gaussian with exact least-squares mini-batch mean/covariance
beta_sweep,nag,5,50,5000,256,10.0,0.01,0.95,0.1,0.5,0.02349794314425967,0.03300921464816044,Gaussian with exact least-squares mini-batch mean/covariance
beta_sweep,nag,6,50,5000,256,10.0,0.01,0.95,0.1,0.5,0.023296031879843075,0.02677674340343806,Gaussian with exact least-squares mini-batch mean/covariance
beta_sweep,nag,7,50,5000,256,10.0,0.01,0.95,0.1,0.5,0.023354705601213804,0.02371881532593826,Gaussian with exact least-squares mini-batch mean/covariance
beta_sweep,nag,8,50,5000,256,10.0,0.01,0.95,0.1,0.5,0.02341079270949671,0.02995206898381868,Gaussian with exact least-squares mini-batch mean/covariance
beta_sweep,nag,9,50,5000,256,10.0,0.01,0.95,0.1,0.5,0.023454750656446255,0.023167585514937302,Gaussian with exact least-squares mini-batch mean/covariance
beta_sweep,nag,10,50,5000,256,10.0,0.01,0.95,0.1,0.5,0.023567620456884514,0.020644988975405162,Gaussian with exact least-squares mini-batch mean/covariance
beta_sweep,nag,11,50,5000,256,10.0,0.01,0.95,0.1,0.5,0.02350496286530101,0.018027071022063173,Gaussian with exact least-squares mini-batch mean/covariance
beta_sweep,nag,12,50,5000,256,10.0,0.01,0.95,0.1,0.5,0.023212521241454735,0.020087992122989836,Gaussian with exact least-squares mini-batch mean/covariance
beta_sweep,nag,13,50,5000,256,10.0,0.01,0.95,0.1,0.5,0.023056828879506185,0.023535410364938933,Gaussian with exact least-squares mini-batch mean/covariance
beta_sweep,nag,14,50,5000,256,10.0,0.01,0.95,0.1,0.5,0.023257411271787598,0.021778495337765734,Gaussian with exact least-squares mini-batch mean/covariance
beta_sweep,nag,15,50,5000,256,10.0,0.01,0.95,0.1,0.5,0.023490618690366553,0.02058466834392763,Gaussian with exact least-squares mini-batch mean/covariance
beta_sweep,nag,16,50,5000,256,10.0,0.01,0.95,0.1,0.5,0.02345639449097141,0.019768846803929152,Gaussian with exact least-squares mini-batch mean/covariance
beta_sweep,nag,17,50,5000,256,10.0,0.01,0.95,0.1,0.5,0.023751434669663975,0.03036128924834597,Gaussian with exact least-squares mini-batch mean/covariance
beta_sweep,nag,18,50,5000,256,10.0,0.01,0.95,0.1,0.5,0.023115820189022532,0.024763887824242093,Gaussian with exact least-squares mini-batch mean/covariance
beta_sweep,nag,19,50,5000,256,10.0,0.01,0.95,0.1,0.5,0.023568157097975294,0.022761143150253876,Gaussian with exact least-squares mini-batch mean/covariance
beta_sweep,sgd,0,50,5000,256,10.0,0.01,0.0,0.1,0.5,0.006766925944276249,0.004380256512562373,Gaussian with exact least-squares mini-batch mean/covariance
beta_sweep,sgd,1,50,5000,256,10.0,0.01,0.0,0.1,0.5,0.0067570187519632,0.006701158879364297,Gaussian with exact least-squares mini-batch mean/covariance
beta_sweep,sgd,2,50,5000,256,10.0,0.01,0.0,0.1,0.5,0.006787975138514048,0.0043423221292822585,Gaussian with exact least-squares mini-batch mean/covariance
beta_sweep,sgd,3,50,5000,256,10.0,0.01,0.0,0.1,0.5,0.0067123367283262805,0.006729517564296519,Gaussian with exact least-squares mini-batch mean/covariance
beta_sweep,sgd,4,50,5000,256,10.0,0.01,0.0,0.1,0.5,0.0067196360108217786,0.007332738633972613,Gaussian with exact least-squares mini-batch mean/covariance
beta_sweep,sgd,5,50,5000,256,10.0,0.01,0.0,0.1,0.5,0.006828486890530359,0.008558819415311968,Gaussian with exact least-squares mini-batch mean/covariance
beta_sweep,sgd,6,50,5000,256,10.0,0.01,0.0,0.1,0.5,0.006663322769507324,0.009204987695042074,Gaussian with exact least-squares mini-batch mean/covariance
beta_sweep,sgd,7,50,5000,256,10.0,0.01,0.0,0.1,0.5,0.00667583645541759,0.009901329417791573,Gaussian with exact least-squares mini-batch mean/covariance
beta_sweep,sgd,8,50,5000,256,10.0,0.01,0.0,0.1,0.5,0.006795750332752481,0.006907312040969463,Gaussian with exact least-squares mini-batch mean/covariance
beta_sweep,sgd,9,50,5000,256,10.0,0.01,0.0,0.1,0.5,0.006803438965265665,0.007252132247833493,Gaussian with exact least-squares mini-batch mean/covariance
beta_sweep,sgd,10,50,5000,256,10.0,0.01,0.0,0.1,0.5,0.0067164889483722805,0.006634838134743332,Gaussian with exact least-squares mini-batch mean/covariance
beta_sweep,sgd,11,50,5000,256,10.0,0.01,0.0,0.1,0.5,0.006806629918728519,0.0052650100413994625,Gaussian with exact least-squares mini-batch mean/covariance
beta_sweep,sgd,12,50,5000,256,10.0,0.01,0.0,0.1,0.5,0.0067156874842900565,0.007253027411199756,Gaussian with exact least-squares mini-batch mean/covariance
beta_sweep,sgd,13,50,5000,256,10.0,0.01,0.0,0.1,0.5,0.006775988690150937,0.007634362622640734,Gaussian with exact least-squares mini-batch mean/covariance
beta_sweep,sgd,14,50,5000,256,10.0,0.01,0.0,0.1,0.5,0.006807461752145454,0.006512539293502018,Gaussian with exact least-squares mini-batch mean/covariance
beta_sweep,sgd,15,50,5000,256,10.0,0.01,0.0,0.1,0.5,0.00684059675697316,0.00821549355823758,Gaussian with exact least-squares mini-batch mean/covariance
beta_sweep,sgd,16,50,5000,256,10.0,0.01,0.0,0.1,0.5,0.006776568091819391,0.006957219623707131,Gaussian with exact least-squares mini-batch mean/covariance
beta_sweep,sgd,17,50,5000,256,10.0,0.01,0.0,0.1,0.5,0.006904149775370092,0.007905252195071258,Gaussian with exact least-squares mini-batch mean/covariance
beta_sweep,sgd,18,50,5000,256,10.0,0.01,0.0,0.1,0.5,0.006743714070342635,0.006138609585610909,Gaussian with exact least-squares mini-batch mean/covariance
beta_sweep,sgd,19,50,5000,256,10.0,0.01,0.0,0.1,0.5,0.0067903690625781355,0.007450530127822254,Gaussian with exact least-squares mini-batch mean/covariance
beta_sweep,hb,0,50,5000,256,10.0,0.01,0.98,0.1,0.5,3.674863064611118e+50,1.6532653012856288e+52,Gaussian with exact least-squares mini-batch mean/covariance
beta_sweep,hb,1,50,5000,256,10.0,0.01,0.98,0.1,0.5,7.059640192372416e+51,2.8001306202940674e+53,Gaussian with exact least-squares mini-batch mean/covariance
beta_sweep,hb,2,50,5000,256,10.0,0.01,0.98,0.1,0.5,2.2453020003806303e+53,1.3848469207064274e+55,Gaussian with exact least-squares mini-batch mean/covariance
beta_sweep,hb,3,50,5000,256,10.0,0.01,0.98,0.1,0.5,2.6273518947305437e+52,1.5924031375661162e+54,Gaussian with exact least-squares mini-batch mean/covariance
beta_sweep,hb,4,50,5000,256,10.0,0.01,0.98,0.1,0.5,2.667488930866599e+52,8.275428400167183e+53,Gaussian with exact least-squares mini-batch mean/covariance
beta_sweep,hb,5,50,5000,256,10.0,0.01,0.98,0.1,0.5,9.185348361218056e+51,6.273655944889283e+53,Gaussian with exact least-squares mini-batch mean/covariance
beta_sweep,hb,6,50,5000,256,10.0,0.01,0.98,0.1,0.5,1.3085246355792036e+52,8.388230772840479e+53,Gaussian with exact least-squares mini-batch mean/covariance
beta_sweep,hb,7,50,5000,256,10.0,0.01,0.98,0.1,0.5,1.0560809331443307e+52,6.264390262415692e+53,Gaussian with exact least-squares mini-batch mean/covariance
beta_sweep,hb,8,50,5000,256,10.0,0.01,0.98,0.1,0.5,6.8054561554599955e+53,4.782414866080079e+55,Gaussian with exact least-squares mini-batch mean/covariance
beta_sweep,hb,9,50,5000,256,10.0,0.01,0.98,0.1,0.5,1.4024916075648793e+54,9.849939875290063e+55,Gaussian with exact least-squares mini-batch mean/covariance
beta_sweep,hb,10,50,5000,256,10.0,0.01,0.98,0.1,0.5,1.1768614450843531e+54,1.2347145021772823e+56,Gaussian with exact least-squares mini-batch mean/covariance
beta_sweep,hb,11,50,5000,256,10.0,0.01,0.98,0.1,0.5,2.5825092295748126e+51,1.562943333030364e+53,Gaussian with exact least-squares mini-batch mean/covariance
beta_sweep,hb,12,50,5000,256,10.0,0.01,0.98,0.1,0.5,4.7854243443067244e+51,2.677098259745162e+53,Gaussian with exact least-squares mini-batch mean/covariance
beta_sweep,hb,13,50,5000,256,10.0,0.01,0.98,0.1,0.5,1.1503190610794348e+50,7.626572545489981e+51,Gaussian with exact least-squares mini-batch mean/covariance
beta_sweep,hb,14,50,5000,256,10.0,0.01,0.98,0.1,0.5,1.0650109442120466e+56,6.600928728175244e+57,Gaussian with exact least-squares mini-batch mean/covariance
beta_sweep,hb,15,50,5000,256,10.0,0.01,0.98,0.1,0.5,4.185516585740063e+50,2.552885201576927e+52,Gaussian with exact least-squares mini-batch mean/covariance
beta_sweep,hb,16,50,5000,256,10.0,0.01,0.98,0.1,0.5,1.2311585104788942e+52,8.286146814905546e+53,Gaussian with exact least-squares mini-batch mean/covariance
beta_sweep,hb,17,50,5000,256,10.0,0.01,0.98,0.1,0.5,7.134532969383971e+49,4.1611518050701294e+51,Gaussian with exact least-squares mini-batch mean/covariance
beta_sweep,hb,18,50,5000,256,10.0,0.01,0.98,0.1,0.5,1.4182893907812924e+55,1.43419831777516e+57,Gaussian with exact least-squares mini-batch mean/covariance
beta_sweep,hb,19,50,5000,256,10.0,0.01,0.98,0.1,0.5,2.1118964629683733e+52,1.145808209272863e+54,Gaussian with exact least-squares mini-batch mean/covariance
beta_sweep,nag,0,50,5000,256,10.0,0.01,0.98,0.1,0.5,0.026260969360406984,0.020855103042982732,Gaussian with exact least-squares mini-batch mean/covariance
beta_sweep,nag,1,50,5000,256,10.0,0.01,0.98,0.1,0.5,0.026548850373844322,0.03226220731149336,Gaussian with exact least-squares mini-batch mean/covariance
beta_sweep,nag,2,50,5000,256,10.0,0.01,0.98,0.1,0.5,0.026692946812146078,0.02533793316897093,Gaussian with exact least-squares mini-batch mean/covariance
beta_sweep,nag,3,50,5000,256,10.0,0.01,0.98,0.1,0.5,0.026998976818989655,0.02710675975976085,Gaussian with exact least-squares mini-batch mean/covariance
beta_sweep,nag,4,50,5000,256,10.0,0.01,0.98,0.1,0.5,0.026682647030881208,0.03565316779600205,Gaussian with exact least-squares mini-batch mean/covariance
beta_sweep,nag,5,50,5000,256,10.0,0.01,0.98,0.1,0.5,0.027111326940667296,0.02124184040301098,Gaussian with exact least-squares mini-batch mean/covariance
beta_sweep,nag,6,50,5000,256,10.0,0.01,0.98,0.1,0.5,0.02710019696239736,0.026592890366350617,Gaussian with exact least-squares mini-batch mean/covariance
beta_sweep,nag,7,50,5000,256,10.0,0.01,0.98,0.1,0.5,0.02655928332708308,0.036494361666447615,Gaussian with exact least-squares mini-batch mean/covariance
beta_sweep,nag,8,50,5000,256,10.0,0.01,0.98,0.1,0.5,0.02648771173172987,0.028030668000383226,Gaussian with exact least-squares mini-batch mean/covariance
beta_sweep,nag,9,50,5000,256,10.0,0.01,0.98,0.1,0.5,0.027214457167499807,0.02047012747678891,Gaussian with exact least-squares mini-batch mean/covariance
beta_sweep,nag,10,50,5000,256,10.0,0.01,0.98,0.1,0.5,0.026366114452385438,0.025457955003174125,Gaussian with exact least-squares mini-batch mean/covariance
beta_sweep,nag,11,50,5000,256,10.0,0.01,0.98,0.1,0.5,0.027334390475588794,0.03110749253667342,Gaussian with exact least-squares mini-batch mean/covariance
beta_sweep,nag,12,50,5000,256,10.0,0.01,0.98,0.1,0.5,0.026552784753123768,0.025276978206390008,Gaussian with exact least-squares mini-batch mean/covariance
beta_sweep,nag,13,50,5000,256,10.0,0.01,0.98,0.1,0.5,0.02622520360864208,0.023450542478940187,Gaussian with exact least-squares mini-batch mean/covariance
beta_sweep,nag,14,50,5000,256,10.0,0.01,0.98,0.1,0.5,0.026931300210399467,0.026818521331311008,Gaussian with exact least-squares mini-batch mean/covariance
beta_sweep,nag,15,50,5000,256,10.0,0.01,0.98,0.1,0.5,0.026570388651363696,0.01821707441096624,Gaussian with exact least-squares mini-batch mean/covariance
beta_sweep,nag,16,50,5000,256,10.0,0.01,0.98,0.1,0.5,0.026577648704915732,0.018157363737285763,Gaussian with exact least-squares mini-batch mean/covariance
beta_sweep,nag,17,50,5000,256,10.0,0.01,0.98,0.1,0.5,0.026225801818753693,0.027361446524782253,Gaussian with exact least-squares mini-batch mean/covariance
beta_sweep,nag,18,50,5000,256,10.0,0.01,0.98,0.1,0.5,0.02653443099233977,0.035220331017927264,Gaussian with exact least-squares mini-batch mean/covariance
beta_sweep,nag,19,50,5000,256,10.0,0.01,0.98,0.1,0.5,0.02668059278699185,0.020743239255985077,Gaussian with exact least-squares mini-batch mean/covariance
